maHocSinh,maPhuongAn,diemToan,diemVan,diemNgoaiNgu,diemVatLy,diemHoaHoc,diemSinhHoc,diemTrungBinh,mucKhopSoThich,tiLeTaiChinh,khopDiaBan,diemChuanThamKhao,soLuotTuongTacTruoc,khoiTruong,vungMien,nhomNganh,phuongThuc,nhanPhuHop
1,ANH_N605528_DiemThiTHPT,8.6,7.5,8.2,8.4,7.8,6.5,7.833333333333333,1.0,1.0,1.0,7.31,0.0,QuanDoiCongAn,MienBac,CongNgheThongTin,DiemThiTHPT,3.79
1,ANH_N827538_DiemThiTHPT,8.6,7.5,8.2,8.4,7.8,6.5,7.833333333333333,0.6,1.0,1.0,8.063333333333334,0.0,QuanDoiCongAn,MienBac,LuatNgoaiGiao,DiemThiTHPT,2.07
1,ANH_N768284_DiemThiTHPT,8.6,7.5,8.2,8.4,7.8,6.5,7.833333333333333,1.0,1.0,1.0,7.833333333333333,0.0,QuanDoiCongAn,MienBac,CongNgheThongTin,DiemThiTHPT,2.77
1,ANH_N684209_DiemThiTHPT,8.6,7.5,8.2,8.4,7.8,6.5,7.833333333333333,1.0,1.0,1.0,8.16,0.0,QuanDoiCongAn,MienBac,CongNgheThongTin,DiemThiTHPT,2.62
1,ANH_N174137_DiemThiTHPT,8.6,7.5,8.2,8.4,7.8,6.5,7.833333333333333,1.0,1.0,1.0,6.876666666666666,0.0,QuanDoiCongAn,MienBac,CongNgheThongTin,DiemThiTHPT,4.06
1,ANH_N628706_DiemThiTHPT,8.6,7.5,8.2,8.4,7.8,6.5,7.833333333333333,1.0,1.0,1.0,8.23,0.0,QuanDoiCongAn,MienBac,CongNgheThongTin,DiemThiTHPT,3.89
1,ANH_N396286_DiemThiTHPT,8.6,7.5,8.2,8.4,7.8,6.5,7.833333333333333,1.0,1.0,1.0,8.049999999999999,0.0,QuanDoiCongAn,MienBac,CongNgheThongTin,DiemThiTHPT,4.5
1,ANH_N700928_DiemThiTHPT,8.6,7.5,8.2,8.4,7.8,6.5,7.833333333333333,1.0,1.0,1.0,6.23,0.0,QuanDoiCongAn,MienBac,CongNgheThongTin,DiemThiTHPT,2.24
1,ANH_N583852_DiemThiTHPT,8.6,7.5,8.2,8.4,7.8,6.5,7.833333333333333,1.0,1.0,1.0,7.326666666666667,0.0,QuanDoiCongAn,MienBac,CongNgheThongTin,DiemThiTHPT,3.18
1,ANH_N924441_DiemThiTHPT,8.6,7.5,8.2,8.4,7.8,6.5,7.833333333333333,0.6,1.0,1.0,8.473333333333334,0.0,QuanDoiCongAn,MienBac,LuatNgoaiGiao,DiemThiTHPT,2.08
1,ANH_N395477_DiemThiTHPT,8.6,7.5,8.2,8.4,7.8,6.5,7.833333333333333,0.6,1.0,1.0,7.683333333333334,0.0,QuanDoiCongAn,MienBac,LuatNgoaiGiao,DiemThiTHPT,2.61
1,ANH_N628255_DiemThiTHPT,8.6,7.5,8.2,8.4,7.8,6.5,7.833333333333333,0.6,1.0,1.0,8.209999999999999,0.0,QuanDoiCongAn,MienBac,LuatNgoaiGiao,DiemThiTHPT,3.41
1,ANH_N759133_DiemThiTHPT,8.6,7.5,8.2,8.4,7.8,6.5,7.833333333333333,0.6,1.0,1.0,7.676666666666667,0.0,QuanDoiCongAn,MienBac,LuatNgoaiGiao,DiemThiTHPT,2.07
1,ANH_N596695_DiemThiTHPT,8.6,7.5,8.2,8.4,7.8,6.5,7.833333333333333,0.6,1.0,1.0,6.260000000000001,0.0,QuanDoiCongAn,MienBac,LuatNgoaiGiao,DiemThiTHPT,2.56
1,ANH_N779926_DiemThiTHPT,8.6,7.5,8.2,8.4,7.8,6.5,7.833333333333333,0.6,1.0,1.0,8.526666666666666,0.0,QuanDoiCongAn,MienBac,LuatNgoaiGiao,DiemThiTHPT,3.82
2,ANH_N605528_DiemThiTHPT,8.0,7.4,7.0,6.5,7.9,6.4,7.199999999999999,0.6,0.8,0.0,7.31,0.0,QuanDoiCongAn,MienBac,CongNgheThongTin,DiemThiTHPT,3.53
2,ANH_N827538_DiemThiTHPT,8.0,7.4,7.0,6.5,7.9,6.4,7.199999999999999,0.6,0.8,0.0,8.063333333333334,0.0,QuanDoiCongAn,MienBac,LuatNgoaiGiao,DiemThiTHPT,2.62
2,ANH_N768284_DiemThiTHPT,8.0,7.4,7.0,6.5,7.9,6.4,7.199999999999999,0.6,0.8,0.0,7.833333333333333,0.0,QuanDoiCongAn,MienBac,CongNgheThongTin,DiemThiTHPT,3.65
2,ANH_N684209_DiemThiTHPT,8.0,7.4,7.0,6.5,7.9,6.4,7.199999999999999,0.6,0.8,0.0,8.16,0.0,QuanDoiCongAn,MienBac,CongNgheThongTin,DiemThiTHPT,4.27
2,ANH_N174137_DiemThiTHPT,8.0,7.4,7.0,6.5,7.9,6.4,7.199999999999999,0.6,0.8,0.0,6.876666666666666,0.0,QuanDoiCongAn,MienBac,CongNgheThongTin,DiemThiTHPT,2.02
2,ANH_N628706_DiemThiTHPT,8.0,7.4,7.0,6.5,7.9,6.4,7.199999999999999,0.6,0.8,0.0,8.23,0.0,QuanDoiCongAn,MienBac,CongNgheThongTin,DiemThiTHPT,4.26
2,ANH_N396286_DiemThiTHPT,8.0,7.4,7.0,6.5,7.9,6.4,7.199999999999999,0.6,0.8,0.0,8.049999999999999,0.0,QuanDoiCongAn,MienBac,CongNgheThongTin,DiemThiTHPT,3.95
2,ANH_N700928_DiemThiTHPT,8.0,7.4,7.0,6.5,7.9,6.4,7.199999999999999,0.6,0.8,0.0,6.23,0.0,QuanDoiCongAn,MienBac,CongNgheThongTin,DiemThiTHPT,2.95
2,ANH_N583852_DiemThiTHPT,8.0,7.4,7.0,6.5,7.9,6.4,7.199999999999999,0.6,0.8,0.0,7.326666666666667,0.0,QuanDoiCongAn,MienBac,CongNgheThongTin,DiemThiTHPT,2.44
2,ANH_N924441_DiemThiTHPT,8.0,7.4,7.0,6.5,7.9,6.4,7.199999999999999,0.6,0.8,0.0,8.473333333333334,0.0,QuanDoiCongAn,MienBac,LuatNgoaiGiao,DiemThiTHPT,4.68
2,ANH_N395477_DiemThiTHPT,8.0,7.4,7.0,6.5,7.9,6.4,7.199999999999999,0.6,0.8,0.0,7.683333333333334,0.0,QuanDoiCongAn,MienBac,LuatNgoaiGiao,DiemThiTHPT,2.94
2,ANH_N628255_DiemThiTHPT,8.0,7.4,7.0,6.5,7.9,6.4,7.199999999999999,0.6,0.8,0.0,8.209999999999999,0.0,QuanDoiCongAn,MienBac,LuatNgoaiGiao,DiemThiTHPT,2.26
2,ANH_N759133_DiemThiTHPT,8.0,7.4,7.0,6.5,7.9,6.4,7.199999999999999,0.6,0.8,0.0,7.676666666666667,0.0,QuanDoiCongAn,MienBac,LuatNgoaiGiao,DiemThiTHPT,2.27
2,ANH_N596695_DiemThiTHPT,8.0,7.4,7.0,6.5,7.9,6.4,7.199999999999999,0.6,0.8,0.0,6.260000000000001,0.0,QuanDoiCongAn,MienBac,LuatNgoaiGiao,DiemThiTHPT,4.37
2,ANH_N779926_DiemThiTHPT,8.0,7.4,7.0,6.5,7.9,6.4,7.199999999999999,0.6,0.8,0.0,8.526666666666666,0.0,QuanDoiCongAn,MienBac,LuatNgoaiGiao,DiemThiTHPT,3.69
3,ANH_N605528_DiemThiTHPT,6.2,6.5,8.4,7.2,7.8,6.0,7.016666666666667,0.6,1.0,1.0,7.31,0.0,QuanDoiCongAn,MienBac,CongNgheThongTin,DiemThiTHPT,4.26
3,ANH_N827538_DiemThiTHPT,6.2,6.5,8.4,7.2,7.8,6.0,7.016666666666667,0.6,1.0,1.0,8.063333333333334,0.0,QuanDoiCongAn,MienBac,LuatNgoaiGiao,DiemThiTHPT,4.04
3,ANH_N768284_DiemThiTHPT,6.2,6.5,8.4,7.2,7.8,6.0,7.016666666666667,0.6,1.0,1.0,7.833333333333333,0.0,QuanDoiCongAn,MienBac,CongNgheThongTin,DiemThiTHPT,3.5
3,ANH_N684209_DiemThiTHPT,6.2,6.5,8.4,7.2,7.8,6.0,7.016666666666667,0.6,1.0,1.0,8.16,0.0,QuanDoiCongAn,MienBac,CongNgheThongTin,DiemThiTHPT,4.72
3,ANH_N174137_DiemThiTHPT,6.2,6.5,8.4,7.2,7.8,6.0,7.016666666666667,0.6,1.0,1.0,6.876666666666666,0.0,QuanDoiCongAn,MienBac,CongNgheThongTin,DiemThiTHPT,3.06
3,ANH_N628706_DiemThiTHPT,6.2,6.5,8.4,7.2,7.8,6.0,7.016666666666667,0.6,1.0,1.0,8.23,0.0,QuanDoiCongAn,MienBac,CongNgheThongTin,DiemThiTHPT,3.55
3,ANH_N396286_DiemThiTHPT,6.2,6.5,8.4,7.2,7.8,6.0,7.016666666666667,0.6,1.0,1.0,8.049999999999999,0.0,QuanDoiCongAn,MienBac,CongNgheThongTin,DiemThiTHPT,4.32
3,ANH_N700928_DiemThiTHPT,6.2,6.5,8.4,7.2,7.8,6.0,7.016666666666667,0.6,1.0,1.0,6.23,0.0,QuanDoiCongAn,MienBac,CongNgheThongTin,DiemThiTHPT,3.73
3,ANH_N583852_DiemThiTHPT,6.2,6.5,8.4,7.2,7.8,6.0,7.016666666666667,0.6,1.0,1.0,7.326666666666667,0.0,QuanDoiCongAn,MienBac,CongNgheThongTin,DiemThiTHPT,4.41
3,ANH_N924441_DiemThiTHPT,6.2,6.5,8.4,7.2,7.8,6.0,7.016666666666667,0.6,1.0,1.0,8.473333333333334,0.0,QuanDoiCongAn,MienBac,LuatNgoaiGiao,DiemThiTHPT,3.62
3,ANH_N395477_DiemThiTHPT,6.2,6.5,8.4,7.2,7.8,6.0,7.016666666666667,0.6,1.0,1.0,7.683333333333334,0.0,QuanDoiCongAn,MienBac,LuatNgoaiGiao,DiemThiTHPT,3.97
3,ANH_N628255_DiemThiTHPT,6.2,6.5,8.4,7.2,7.8,6.0,7.016666666666667,0.6,1.0,1.0,8.209999999999999,0.0,QuanDoiCongAn,MienBac,LuatNgoaiGiao,DiemThiTHPT,2.13
3,ANH_N759133_DiemThiTHPT,6.2,6.5,8.4,7.2,7.8,6.0,7.016666666666667,0.6,1.0,1.0,7.676666666666667,0.0,QuanDoiCongAn,MienBac,LuatNgoaiGiao,DiemThiTHPT,2.64
3,ANH_N596695_DiemThiTHPT,6.2,6.5,8.4,7.2,7.8,6.0,7.016666666666667,0.6,1.0,1.0,6.260000000000001,0.0,QuanDoiCongAn,MienBac,LuatNgoaiGiao,DiemThiTHPT,2.81
3,ANH_N779926_DiemThiTHPT,6.2,6.5,8.4,7.2,7.8,6.0,7.016666666666667,0.6,1.0,1.0,8.526666666666666,0.0,QuanDoiCongAn,MienBac,LuatNgoaiGiao,DiemThiTHPT,2.22
4,ANH_N605528_DiemThiTHPT,6.8,8.1,7.8,5.6,7.5,5.8,6.933333333333333,0.6,1.0,0.0,7.31,0.0,QuanDoiCongAn,MienBac,CongNgheThongTin,DiemThiTHPT,2.65
4,ANH_N827538_DiemThiTHPT,6.8,8.1,7.8,5.6,7.5,5.8,6.933333333333333,0.8,1.0,0.0,8.063333333333334,0.0,QuanDoiCongAn,MienBac,LuatNgoaiGiao,DiemThiTHPT,2.28
4,ANH_N768284_DiemThiTHPT,6.8,8.1,7.8,5.6,7.5,5.8,6.933333333333333,0.6,1.0,0.0,7.833333333333333,0.0,QuanDoiCongAn,MienBac,CongNgheThongTin,DiemThiTHPT,2.78
4,ANH_N684209_DiemThiTHPT,6.8,8.1,7.8,5.6,7.5,5.8,6.933333333333333,0.6,1.0,0.0,8.16,0.0,QuanDoiCongAn,MienBac,CongNgheThongTin,DiemThiTHPT,3.78
4,ANH_N174137_DiemThiTHPT,6.8,8.1,7.8,5.6,7.5,5.8,6.933333333333333,0.6,1.0,0.0,6.876666666666666,0.0,QuanDoiCongAn,MienBac,CongNgheThongTin,DiemThiTHPT,3.02
4,ANH_N628706_DiemThiTHPT,6.8,8.1,7.8,5.6,7.5,5.8,6.933333333333333,0.6,1.0,0.0,8.23,0.0,QuanDoiCongAn,MienBac,CongNgheThongTin,DiemThiTHPT,3.04
4,ANH_N396286_DiemThiTHPT,6.8,8.1,7.8,5.6,7.5,5.8,6.933333333333333,0.6,1.0,0.0,8.049999999999999,0.0,QuanDoiCongAn,MienBac,CongNgheThongTin,DiemThiTHPT,2.59
4,ANH_N700928_DiemThiTHPT,6.8,8.1,7.8,5.6,7.5,5.8,6.933333333333333,0.6,1.0,0.0,6.23,0.0,QuanDoiCongAn,MienBac,CongNgheThongTin,DiemThiTHPT,2.75
4,ANH_N583852_DiemThiTHPT,6.8,8.1,7.8,5.6,7.5,5.8,6.933333333333333,0.6,1.0,0.0,7.326666666666667,0.0,QuanDoiCongAn,MienBac,CongNgheThongTin,DiemThiTHPT,4.62
4,ANH_N924441_DiemThiTHPT,6.8,8.1,7.8,5.6,7.5,5.8,6.933333333333333,0.8,1.0,0.0,8.473333333333334,0.0,QuanDoiCongAn,MienBac,LuatNgoaiGiao,DiemThiTHPT,3.81
4,ANH_N395477_DiemThiTHPT,6.8,8.1,7.8,5.6,7.5,5.8,6.933333333333333,0.8,1.0,0.0,7.683333333333334,0.0,QuanDoiCongAn,MienBac,LuatNgoaiGiao,DiemThiTHPT,3.71
4,ANH_N628255_DiemThiTHPT,6.8,8.1,7.8,5.6,7.5,5.8,6.933333333333333,0.8,1.0,0.0,8.209999999999999,0.0,QuanDoiCongAn,MienBac,LuatNgoaiGiao,DiemThiTHPT,2.48
4,ANH_N759133_DiemThiTHPT,6.8,8.1,7.8,5.6,7.5,5.8,6.933333333333333,0.8,1.0,0.0,7.676666666666667,0.0,QuanDoiCongAn,MienBac,LuatNgoaiGiao,DiemThiTHPT,4.04
4,ANH_N596695_DiemThiTHPT,6.8,8.1,7.8,5.6,7.5,5.8,6.933333333333333,0.8,1.0,0.0,6.260000000000001,0.0,QuanDoiCongAn,MienBac,LuatNgoaiGiao,DiemThiTHPT,2.46
4,ANH_N779926_DiemThiTHPT,6.8,8.1,7.8,5.6,7.5,5.8,6.933333333333333,0.8,1.0,0.0,8.526666666666666,0.0,QuanDoiCongAn,MienBac,LuatNgoaiGiao,DiemThiTHPT,3.06
5,ANH_N605528_DiemThiTHPT,8.1,4.2,6.3,6.7,7.2,5.9,6.3999999999999995,0.6,1.0,0.0,7.31,0.0,QuanDoiCongAn,MienBac,CongNgheThongTin,DiemThiTHPT,4.77
5,ANH_N827538_DiemThiTHPT,8.1,4.2,6.3,6.7,7.2,5.9,6.3999999999999995,1.0,1.0,0.0,8.063333333333334,0.0,QuanDoiCongAn,MienBac,LuatNgoaiGiao,DiemThiTHPT,3.79
5,ANH_N768284_DiemThiTHPT,8.1,4.2,6.3,6.7,7.2,5.9,6.3999999999999995,0.6,1.0,0.0,7.833333333333333,0.0,QuanDoiCongAn,MienBac,CongNgheThongTin,DiemThiTHPT,3.56
5,ANH_N684209_DiemThiTHPT,8.1,4.2,6.3,6.7,7.2,5.9,6.3999999999999995,0.6,1.0,0.0,8.16,0.0,QuanDoiCongAn,MienBac,CongNgheThongTin,DiemThiTHPT,3.92
5,ANH_N174137_DiemThiTHPT,8.1,4.2,6.3,6.7,7.2,5.9,6.3999999999999995,0.6,1.0,0.0,6.876666666666666,0.0,QuanDoiCongAn,MienBac,CongNgheThongTin,DiemThiTHPT,4.36
5,ANH_N628706_DiemThiTHPT,8.1,4.2,6.3,6.7,7.2,5.9,6.3999999999999995,0.6,1.0,0.0,8.23,0.0,QuanDoiCongAn,MienBac,CongNgheThongTin,DiemThiTHPT,4.17
5,ANH_N396286_DiemThiTHPT,8.1,4.2,6.3,6.7,7.2,5.9,6.3999999999999995,0.6,1.0,0.0,8.049999999999999,0.0,QuanDoiCongAn,MienBac,CongNgheThongTin,DiemThiTHPT,2.64
5,ANH_N700928_DiemThiTHPT,8.1,4.2,6.3,6.7,7.2,5.9,6.3999999999999995,0.6,1.0,0.0,6.23,0.0,QuanDoiCongAn,MienBac,CongNgheThongTin,DiemThiTHPT,2.09
5,ANH_N583852_DiemThiTHPT,8.1,4.2,6.3,6.7,7.2,5.9,6.3999999999999995,0.6,1.0,0.0,7.326666666666667,0.0,QuanDoiCongAn,MienBac,CongNgheThongTin,DiemThiTHPT,2.88
5,ANH_N924441_DiemThiTHPT,8.1,4.2,6.3,6.7,7.2,5.9,6.3999999999999995,1.0,1.0,0.0,8.473333333333334,0.0,QuanDoiCongAn,MienBac,LuatNgoaiGiao,DiemThiTHPT,2.75
5,ANH_N395477_DiemThiTHPT,8.1,4.2,6.3,6.7,7.2,5.9,6.3999999999999995,1.0,1.0,0.0,7.683333333333334,0.0,QuanDoiCongAn,MienBac,LuatNgoaiGiao,DiemThiTHPT,2.59
5,ANH_N628255_DiemThiTHPT,8.1,4.2,6.3,6.7,7.2,5.9,6.3999999999999995,1.0,1.0,0.0,8.209999999999999,0.0,QuanDoiCongAn,MienBac,LuatNgoaiGiao,DiemThiTHPT,4.64
5,ANH_N759133_DiemThiTHPT,8.1,4.2,6.3,6.7,7.2,5.9,6.3999999999999995,1.0,1.0,0.0,7.676666666666667,0.0,QuanDoiCongAn,MienBac,LuatNgoaiGiao,DiemThiTHPT,4.45
5,ANH_N596695_DiemThiTHPT,8.1,4.2,6.3,6.7,7.2,5.9,6.3999999999999995,1.0,1.0,0.0,6.260000000000001,0.0,QuanDoiCongAn,MienBac,LuatNgoaiGiao,DiemThiTHPT,2.88
5,ANH_N779926_DiemThiTHPT,8.1,4.2,6.3,6.7,7.2,5.9,6.3999999999999995,1.0,1.0,0.0,8.526666666666666,0.0,QuanDoiCongAn,MienBac,LuatNgoaiGiao,DiemThiTHPT,3.84
6,ANH_N605528_DiemThiTHPT,8.3,6.8,4.2,8.4,8.4,6.7,7.133333333333334,0.8,0.4,1.0,7.31,0.0,QuanDoiCongAn,MienBac,CongNgheThongTin,DiemThiTHPT,3.11
6,ANH_N827538_DiemThiTHPT,8.3,6.8,4.2,8.4,8.4,6.7,7.133333333333334,0.6,0.4,1.0,8.063333333333334,0.0,QuanDoiCongAn,MienBac,LuatNgoaiGiao,DiemThiTHPT,4.56
6,ANH_N768284_DiemThiTHPT,8.3,6.8,4.2,8.4,8.4,6.7,7.133333333333334,0.8,0.4,1.0,7.833333333333333,0.0,QuanDoiCongAn,MienBac,CongNgheThongTin,DiemThiTHPT,3.28
6,ANH_N684209_DiemThiTHPT,8.3,6.8,4.2,8.4,8.4,6.7,7.133333333333334,0.8,0.4,1.0,8.16,0.0,QuanDoiCongAn,MienBac,CongNgheThongTin,DiemThiTHPT,2.74
6,ANH_N174137_DiemThiTHPT,8.3,6.8,4.2,8.4,8.4,6.7,7.133333333333334,0.8,0.4,1.0,6.876666666666666,0.0,QuanDoiCongAn,MienBac,CongNgheThongTin,DiemThiTHPT,2.69
6,ANH_N628706_DiemThiTHPT,8.3,6.8,4.2,8.4,8.4,6.7,7.133333333333334,0.8,0.4,1.0,8.23,0.0,QuanDoiCongAn,MienBac,CongNgheThongTin,DiemThiTHPT,3.57
6,ANH_N396286_DiemThiTHPT,8.3,6.8,4.2,8.4,8.4,6.7,7.133333333333334,0.8,0.4,1.0,8.049999999999999,0.0,QuanDoiCongAn,MienBac,CongNgheThongTin,DiemThiTHPT,2.74
6,ANH_N700928_DiemThiTHPT,8.3,6.8,4.2,8.4,8.4,6.7,7.133333333333334,0.8,0.4,1.0,6.23,0.0,QuanDoiCongAn,MienBac,CongNgheThongTin,DiemThiTHPT,3.64
6,ANH_N583852_DiemThiTHPT,8.3,6.8,4.2,8.4,8.4,6.7,7.133333333333334,0.8,0.4,1.0,7.326666666666667,0.0,QuanDoiCongAn,MienBac,CongNgheThongTin,DiemThiTHPT,4.51
6,ANH_N924441_DiemThiTHPT,8.3,6.8,4.2,8.4,8.4,6.7,7.133333333333334,0.6,0.4,1.0,8.473333333333334,0.0,QuanDoiCongAn,MienBac,LuatNgoaiGiao,DiemThiTHPT,3.12
6,ANH_N395477_DiemThiTHPT,8.3,6.8,4.2,8.4,8.4,6.7,7.133333333333334,0.6,0.4,1.0,7.683333333333334,0.0,QuanDoiCongAn,MienBac,LuatNgoaiGiao,DiemThiTHPT,2.61
6,ANH_N628255_DiemThiTHPT,8.3,6.8,4.2,8.4,8.4,6.7,7.133333333333334,0.6,0.4,1.0,8.209999999999999,0.0,QuanDoiCongAn,MienBac,LuatNgoaiGiao,DiemThiTHPT,4.79
6,ANH_N759133_DiemThiTHPT,8.3,6.8,4.2,8.4,8.4,6.7,7.133333333333334,0.6,0.4,1.0,7.676666666666667,0.0,QuanDoiCongAn,MienBac,LuatNgoaiGiao,DiemThiTHPT,3.43
6,ANH_N596695_DiemThiTHPT,8.3,6.8,4.2,8.4,8.4,6.7,7.133333333333334,0.6,0.4,1.0,6.260000000000001,0.0,QuanDoiCongAn,MienBac,LuatNgoaiGiao,DiemThiTHPT,2.25
6,ANH_N779926_DiemThiTHPT,8.3,6.8,4.2,8.4,8.4,6.7,7.133333333333334,0.6,0.4,1.0,8.526666666666666,0.0,QuanDoiCongAn,MienBac,LuatNgoaiGiao,DiemThiTHPT,2.13
7,ANH_N605528_DiemThiTHPT,7.6,7.9,6.4,4.9,6.3,6.4,6.583333333333332,1.0,0.6,0.0,7.31,0.0,QuanDoiCongAn,MienBac,CongNgheThongTin,DiemThiTHPT,2.31
7,ANH_N827538_DiemThiTHPT,7.6,7.9,6.4,4.9,6.3,6.4,6.583333333333332,0.6,0.6,0.0,8.063333333333334,0.0,QuanDoiCongAn,MienBac,LuatNgoaiGiao,DiemThiTHPT,3.76
7,ANH_N768284_DiemThiTHPT,7.6,7.9,6.4,4.9,6.3,6.4,6.583333333333332,1.0,0.6,0.0,7.833333333333333,0.0,QuanDoiCongAn,MienBac,CongNgheThongTin,DiemThiTHPT,4.22
7,ANH_N684209_DiemThiTHPT,7.6,7.9,6.4,4.9,6.3,6.4,6.583333333333332,1.0,0.6,0.0,8.16,0.0,QuanDoiCongAn,MienBac,CongNgheThongTin,DiemThiTHPT,3.18
7,ANH_N174137_DiemThiTHPT,7.6,7.9,6.4,4.9,6.3,6.4,6.583333333333332,1.0,0.6,0.0,6.876666666666666,0.0,QuanDoiCongAn,MienBac,CongNgheThongTin,DiemThiTHPT,2.18
7,ANH_N628706_DiemThiTHPT,7.6,7.9,6.4,4.9,6.3,6.4,6.583333333333332,1.0,0.6,0.0,8.23,0.0,QuanDoiCongAn,MienBac,CongNgheThongTin,DiemThiTHPT,3.07
7,ANH_N396286_DiemThiTHPT,7.6,7.9,6.4,4.9,6.3,6.4,6.583333333333332,1.0,0.6,0.0,8.049999999999999,0.0,QuanDoiCongAn,MienBac,CongNgheThongTin,DiemThiTHPT,4.79
7,ANH_N700928_DiemThiTHPT,7.6,7.9,6.4,4.9,6.3,6.4,6.583333333333332,1.0,0.6,0.0,6.23,0.0,QuanDoiCongAn,MienBac,CongNgheThongTin,DiemThiTHPT,3.48
7,ANH_N583852_DiemThiTHPT,7.6,7.9,6.4,4.9,6.3,6.4,6.583333333333332,1.0,0.6,0.0,7.326666666666667,0.0,QuanDoiCongAn,MienBac,CongNgheThongTin,DiemThiTHPT,4.72
7,ANH_N924441_DiemThiTHPT,7.6,7.9,6.4,4.9,6.3,6.4,6.583333333333332,0.6,0.6,0.0,8.473333333333334,0.0,QuanDoiCongAn,MienBac,LuatNgoaiGiao,DiemThiTHPT,4.41
7,ANH_N395477_DiemThiTHPT,7.6,7.9,6.4,4.9,6.3,6.4,6.583333333333332,0.6,0.6,0.0,7.683333333333334,0.0,QuanDoiCongAn,MienBac,LuatNgoaiGiao,DiemThiTHPT,2.03
7,ANH_N628255_DiemThiTHPT,7.6,7.9,6.4,4.9,6.3,6.4,6.583333333333332,0.6,0.6,0.0,8.209999999999999,0.0,QuanDoiCongAn,MienBac,LuatNgoaiGiao,DiemThiTHPT,4.02
7,ANH_N759133_DiemThiTHPT,7.6,7.9,6.4,4.9,6.3,6.4,6.583333333333332,0.6,0.6,0.0,7.676666666666667,0.0,QuanDoiCongAn,MienBac,LuatNgoaiGiao,DiemThiTHPT,3.91
7,ANH_N596695_DiemThiTHPT,7.6,7.9,6.4,4.9,6.3,6.4,6.583333333333332,0.6,0.6,0.0,6.260000000000001,0.0,QuanDoiCongAn,MienBac,LuatNgoaiGiao,DiemThiTHPT,3.5
7,ANH_N779926_DiemThiTHPT,7.6,7.9,6.4,4.9,6.3,6.4,6.583333333333332,0.6,0.6,0.0,8.526666666666666,0.0,QuanDoiCongAn,MienBac,LuatNgoaiGiao,DiemThiTHPT,2.75
8,ANH_N605528_DiemThiTHPT,5.7,4.4,8.6,7.6,6.1,7.1,6.583333333333335,0.6,0.8,0.0,7.31,0.0,QuanDoiCongAn,MienBac,CongNgheThongTin,DiemThiTHPT,3.79
8,ANH_N827538_DiemThiTHPT,5.7,4.4,8.6,7.6,6.1,7.1,6.583333333333335,0.6,0.8,0.0,8.063333333333334,0.0,QuanDoiCongAn,MienBac,LuatNgoaiGiao,DiemThiTHPT,2.31
8,ANH_N768284_DiemThiTHPT,5.7,4.4,8.6,7.6,6.1,7.1,6.583333333333335,0.6,0.8,0.0,7.833333333333333,0.0,QuanDoiCongAn,MienBac,CongNgheThongTin,DiemThiTHPT,3.22
8,ANH_N684209_DiemThiTHPT,5.7,4.4,8.6,7.6,6.1,7.1,6.583333333333335,0.6,0.8,0.0,8.16,0.0,QuanDoiCongAn,MienBac,CongNgheThongTin,DiemThiTHPT,3.27
8,ANH_N174137_DiemThiTHPT,5.7,4.4,8.6,7.6,6.1,7.1,6.583333333333335,0.6,0.8,0.0,6.876666666666666,0.0,QuanDoiCongAn,MienBac,CongNgheThongTin,DiemThiTHPT,4.67
8,ANH_N628706_DiemThiTHPT,5.7,4.4,8.6,7.6,6.1,7.1,6.583333333333335,0.6,0.8,0.0,8.23,0.0,QuanDoiCongAn,MienBac,CongNgheThongTin,DiemThiTHPT,4.45
8,ANH_N396286_DiemThiTHPT,5.7,4.4,8.6,7.6,6.1,7.1,6.583333333333335,0.6,0.8,0.0,8.049999999999999,0.0,QuanDoiCongAn,MienBac,CongNgheThongTin,DiemThiTHPT,2.74
8,ANH_N700928_DiemThiTHPT,5.7,4.4,8.6,7.6,6.1,7.1,6.583333333333335,0.6,0.8,0.0,6.23,0.0,QuanDoiCongAn,MienBac,CongNgheThongTin,DiemThiTHPT,3.4
8,ANH_N583852_DiemThiTHPT,5.7,4.4,8.6,7.6,6.1,7.1,6.583333333333335,0.6,0.8,0.0,7.326666666666667,0.0,QuanDoiCongAn,MienBac,CongNgheThongTin,DiemThiTHPT,2.5
8,ANH_N924441_DiemThiTHPT,5.7,4.4,8.6,7.6,6.1,7.1,6.583333333333335,0.6,0.8,0.0,8.473333333333334,0.0,QuanDoiCongAn,MienBac,LuatNgoaiGiao,DiemThiTHPT,4.56
8,ANH_N395477_DiemThiTHPT,5.7,4.4,8.6,7.6,6.1,7.1,6.583333333333335,0.6,0.8,0.0,7.683333333333334,0.0,QuanDoiCongAn,MienBac,LuatNgoaiGiao,DiemThiTHPT,4.44
8,ANH_N628255_DiemThiTHPT,5.7,4.4,8.6,7.6,6.1,7.1,6.583333333333335,0.6,0.8,0.0,8.209999999999999,0.0,QuanDoiCongAn,MienBac,LuatNgoaiGiao,DiemThiTHPT,2.84
8,ANH_N759133_DiemThiTHPT,5.7,4.4,8.6,7.6,6.1,7.1,6.583333333333335,0.6,0.8,0.0,7.676666666666667,0.0,QuanDoiCongAn,MienBac,LuatNgoaiGiao,DiemThiTHPT,3.79
8,ANH_N596695_DiemThiTHPT,5.7,4.4,8.6,7.6,6.1,7.1,6.583333333333335,0.6,0.8,0.0,6.260000000000001,0.0,QuanDoiCongAn,MienBac,LuatNgoaiGiao,DiemThiTHPT,3.71
8,ANH_N779926_DiemThiTHPT,5.7,4.4,8.6,7.6,6.1,7.1,6.583333333333335,0.6,0.8,0.0,8.526666666666666,0.0,QuanDoiCongAn,MienBac,LuatNgoaiGiao,DiemThiTHPT,2.43
9,ANH_N605528_DiemThiTHPT,8.1,6.8,7.3,5.3,6.5,5.2,6.533333333333334,0.6,1.0,1.0,7.31,0.0,QuanDoiCongAn,MienBac,CongNgheThongTin,DiemThiTHPT,4.14
9,ANH_N827538_DiemThiTHPT,8.1,6.8,7.3,5.3,6.5,5.2,6.533333333333334,0.6,1.0,1.0,8.063333333333334,0.0,QuanDoiCongAn,MienBac,LuatNgoaiGiao,DiemThiTHPT,3.51
9,ANH_N768284_DiemThiTHPT,8.1,6.8,7.3,5.3,6.5,5.2,6.533333333333334,0.6,1.0,1.0,7.833333333333333,0.0,QuanDoiCongAn,MienBac,CongNgheThongTin,DiemThiTHPT,4.18
9,ANH_N684209_DiemThiTHPT,8.1,6.8,7.3,5.3,6.5,5.2,6.533333333333334,0.6,1.0,1.0,8.16,0.0,QuanDoiCongAn,MienBac,CongNgheThongTin,DiemThiTHPT,3.48
9,ANH_N174137_DiemThiTHPT,8.1,6.8,7.3,5.3,6.5,5.2,6.533333333333334,0.6,1.0,1.0,6.876666666666666,0.0,QuanDoiCongAn,MienBac,CongNgheThongTin,DiemThiTHPT,2.0
9,ANH_N628706_DiemThiTHPT,8.1,6.8,7.3,5.3,6.5,5.2,6.533333333333334,0.6,1.0,1.0,8.23,0.0,QuanDoiCongAn,MienBac,CongNgheThongTin,DiemThiTHPT,2.91
9,ANH_N396286_DiemThiTHPT,8.1,6.8,7.3,5.3,6.5,5.2,6.533333333333334,0.6,1.0,1.0,8.049999999999999,0.0,QuanDoiCongAn,MienBac,CongNgheThongTin,DiemThiTHPT,2.05
9,ANH_N700928_DiemThiTHPT,8.1,6.8,7.3,5.3,6.5,5.2,6.533333333333334,0.6,1.0,1.0,6.23,0.0,QuanDoiCongAn,MienBac,CongNgheThongTin,DiemThiTHPT,4.6
9,ANH_N583852_DiemThiTHPT,8.1,6.8,7.3,5.3,6.5,5.2,6.533333333333334,0.6,1.0,1.0,7.326666666666667,0.0,QuanDoiCongAn,MienBac,CongNgheThongTin,DiemThiTHPT,4.46
9,ANH_N924441_DiemThiTHPT,8.1,6.8,7.3,5.3,6.5,5.2,6.533333333333334,0.6,1.0,1.0,8.473333333333334,0.0,QuanDoiCongAn,MienBac,LuatNgoaiGiao,DiemThiTHPT,4.33
9,ANH_N395477_DiemThiTHPT,8.1,6.8,7.3,5.3,6.5,5.2,6.533333333333334,0.6,1.0,1.0,7.683333333333334,0.0,QuanDoiCongAn,MienBac,LuatNgoaiGiao,DiemThiTHPT,2.86
9,ANH_N628255_DiemThiTHPT,8.1,6.8,7.3,5.3,6.5,5.2,6.533333333333334,0.6,1.0,1.0,8.209999999999999,0.0,QuanDoiCongAn,MienBac,LuatNgoaiGiao,DiemThiTHPT,2.16
9,ANH_N759133_DiemThiTHPT,8.1,6.8,7.3,5.3,6.5,5.2,6.533333333333334,0.6,1.0,1.0,7.676666666666667,0.0,QuanDoiCongAn,MienBac,LuatNgoaiGiao,DiemThiTHPT,4.46
9,ANH_N596695_DiemThiTHPT,8.1,6.8,7.3,5.3,6.5,5.2,6.533333333333334,0.6,1.0,1.0,6.260000000000001,0.0,QuanDoiCongAn,MienBac,LuatNgoaiGiao,DiemThiTHPT,4.65
9,ANH_N779926_DiemThiTHPT,8.1,6.8,7.3,5.3,6.5,5.2,6.533333333333334,0.6,1.0,1.0,8.526666666666666,0.0,QuanDoiCongAn,MienBac,LuatNgoaiGiao,DiemThiTHPT,2.24
10,ANH_N605528_DiemThiTHPT,7.5,5.3,8.2,7.9,5.6,7.5,7.0,0.6,1.0,0.0,7.31,0.0,QuanDoiCongAn,MienBac,CongNgheThongTin,DiemThiTHPT,3.36
10,ANH_N827538_DiemThiTHPT,7.5,5.3,8.2,7.9,5.6,7.5,7.0,0.6,1.0,0.0,8.063333333333334,0.0,QuanDoiCongAn,MienBac,LuatNgoaiGiao,DiemThiTHPT,2.19
10,ANH_N768284_DiemThiTHPT,7.5,5.3,8.2,7.9,5.6,7.5,7.0,0.6,1.0,0.0,7.833333333333333,0.0,QuanDoiCongAn,MienBac,CongNgheThongTin,DiemThiTHPT,4.13
10,ANH_N684209_DiemThiTHPT,7.5,5.3,8.2,7.9,5.6,7.5,7.0,0.6,1.0,0.0,8.16,0.0,QuanDoiCongAn,MienBac,CongNgheThongTin,DiemThiTHPT,4.14
10,ANH_N174137_DiemThiTHPT,7.5,5.3,8.2,7.9,5.6,7.5,7.0,0.6,1.0,0.0,6.876666666666666,0.0,QuanDoiCongAn,MienBac,CongNgheThongTin,DiemThiTHPT,2.36
10,ANH_N628706_DiemThiTHPT,7.5,5.3,8.2,7.9,5.6,7.5,7.0,0.6,1.0,0.0,8.23,0.0,QuanDoiCongAn,MienBac,CongNgheThongTin,DiemThiTHPT,3.33
10,ANH_N396286_DiemThiTHPT,7.5,5.3,8.2,7.9,5.6,7.5,7.0,0.6,1.0,0.0,8.049999999999999,0.0,QuanDoiCongAn,MienBac,CongNgheThongTin,DiemThiTHPT,3.54
10,ANH_N700928_DiemThiTHPT,7.5,5.3,8.2,7.9,5.6,7.5,7.0,0.6,1.0,0.0,6.23,0.0,QuanDoiCongAn,MienBac,CongNgheThongTin,DiemThiTHPT,2.74
10,ANH_N583852_DiemThiTHPT,7.5,5.3,8.2,7.9,5.6,7.5,7.0,0.6,1.0,0.0,7.326666666666667,0.0,QuanDoiCongAn,MienBac,CongNgheThongTin,DiemThiTHPT,4.44
10,ANH_N924441_DiemThiTHPT,7.5,5.3,8.2,7.9,5.6,7.5,7.0,0.6,1.0,0.0,8.473333333333334,0.0,QuanDoiCongAn,MienBac,LuatNgoaiGiao,DiemThiTHPT,3.18
10,ANH_N395477_DiemThiTHPT,7.5,5.3,8.2,7.9,5.6,7.5,7.0,0.6,1.0,0.0,7.683333333333334,0.0,QuanDoiCongAn,MienBac,LuatNgoaiGiao,DiemThiTHPT,2.59
10,ANH_N628255_DiemThiTHPT,7.5,5.3,8.2,7.9,5.6,7.5,7.0,0.6,1.0,0.0,8.209999999999999,0.0,QuanDoiCongAn,MienBac,LuatNgoaiGiao,DiemThiTHPT,3.51
10,ANH_N759133_DiemThiTHPT,7.5,5.3,8.2,7.9,5.6,7.5,7.0,0.6,1.0,0.0,7.676666666666667,0.0,QuanDoiCongAn,MienBac,LuatNgoaiGiao,DiemThiTHPT,4.04
10,ANH_N596695_DiemThiTHPT,7.5,5.3,8.2,7.9,5.6,7.5,7.0,0.6,1.0,0.0,6.260000000000001,0.0,QuanDoiCongAn,MienBac,LuatNgoaiGiao,DiemThiTHPT,2.56
10,ANH_N779926_DiemThiTHPT,7.5,5.3,8.2,7.9,5.6,7.5,7.0,0.6,1.0,0.0,8.526666666666666,0.0,QuanDoiCongAn,MienBac,LuatNgoaiGiao,DiemThiTHPT,2.87
11,ANH_N605528_DiemThiTHPT,9.2,6.9,7.5,8.7,7.4,6.5,7.699999999999999,0.6,1.0,0.0,7.31,0.0,QuanDoiCongAn,MienBac,CongNgheThongTin,DiemThiTHPT,4.79
11,ANH_N827538_DiemThiTHPT,9.2,6.9,7.5,8.7,7.4,6.5,7.699999999999999,0.8,1.0,0.0,8.063333333333334,0.0,QuanDoiCongAn,MienBac,LuatNgoaiGiao,DiemThiTHPT,3.82
11,ANH_N768284_DiemThiTHPT,9.2,6.9,7.5,8.7,7.4,6.5,7.699999999999999,0.6,1.0,0.0,7.833333333333333,0.0,QuanDoiCongAn,MienBac,CongNgheThongTin,DiemThiTHPT,3.23
11,ANH_N684209_DiemThiTHPT,9.2,6.9,7.5,8.7,7.4,6.5,7.699999999999999,0.6,1.0,0.0,8.16,0.0,QuanDoiCongAn,MienBac,CongNgheThongTin,DiemThiTHPT,3.45
11,ANH_N174137_DiemThiTHPT,9.2,6.9,7.5,8.7,7.4,6.5,7.699999999999999,0.6,1.0,0.0,6.876666666666666,0.0,QuanDoiCongAn,MienBac,CongNgheThongTin,DiemThiTHPT,2.34
11,ANH_N628706_DiemThiTHPT,9.2,6.9,7.5,8.7,7.4,6.5,7.699999999999999,0.6,1.0,0.0,8.23,0.0,QuanDoiCongAn,MienBac,CongNgheThongTin,DiemThiTHPT,2.63
11,ANH_N396286_DiemThiTHPT,9.2,6.9,7.5,8.7,7.4,6.5,7.699999999999999,0.6,1.0,0.0,8.049999999999999,0.0,QuanDoiCongAn,MienBac,CongNgheThongTin,DiemThiTHPT,2.95
11,ANH_N700928_DiemThiTHPT,9.2,6.9,7.5,8.7,7.4,6.5,7.699999999999999,0.6,1.0,0.0,6.23,0.0,QuanDoiCongAn,MienBac,CongNgheThongTin,DiemThiTHPT,3.65
11,ANH_N583852_DiemThiTHPT,9.2,6.9,7.5,8.7,7.4,6.5,7.699999999999999,0.6,1.0,0.0,7.326666666666667,0.0,QuanDoiCongAn,MienBac,CongNgheThongTin,DiemThiTHPT,2.64
11,ANH_N924441_DiemThiTHPT,9.2,6.9,7.5,8.7,7.4,6.5,7.699999999999999,0.8,1.0,0.0,8.473333333333334,0.0,QuanDoiCongAn,MienBac,LuatNgoaiGiao,DiemThiTHPT,2.62
11,ANH_N395477_DiemThiTHPT,9.2,6.9,7.5,8.7,7.4,6.5,7.699999999999999,0.8,1.0,0.0,7.683333333333334,0.0,QuanDoiCongAn,MienBac,LuatNgoaiGiao,DiemThiTHPT,2.2
11,ANH_N628255_DiemThiTHPT,9.2,6.9,7.5,8.7,7.4,6.5,7.699999999999999,0.8,1.0,0.0,8.209999999999999,0.0,QuanDoiCongAn,MienBac,LuatNgoaiGiao,DiemThiTHPT,3.77
11,ANH_N759133_DiemThiTHPT,9.2,6.9,7.5,8.7,7.4,6.5,7.699999999999999,0.8,1.0,0.0,7.676666666666667,0.0,QuanDoiCongAn,MienBac,LuatNgoaiGiao,DiemThiTHPT,2.64
11,ANH_N596695_DiemThiTHPT,9.2,6.9,7.5,8.7,7.4,6.5,7.699999999999999,0.8,1.0,0.0,6.260000000000001,0.0,QuanDoiCongAn,MienBac,LuatNgoaiGiao,DiemThiTHPT,4.54
11,ANH_N779926_DiemThiTHPT,9.2,6.9,7.5,8.7,7.4,6.5,7.699999999999999,0.8,1.0,0.0,8.526666666666666,0.0,QuanDoiCongAn,MienBac,LuatNgoaiGiao,DiemThiTHPT,4.41
12,ANH_N605528_DiemThiTHPT,8.9,6.7,9.0,8.5,6.7,6.5,7.716666666666668,0.6,0.4,1.0,7.31,0.0,QuanDoiCongAn,MienBac,CongNgheThongTin,DiemThiTHPT,2.2
12,ANH_N827538_DiemThiTHPT,8.9,6.7,9.0,8.5,6.7,6.5,7.716666666666668,1.0,0.4,1.0,8.063333333333334,0.0,QuanDoiCongAn,MienBac,LuatNgoaiGiao,DiemThiTHPT,2.67
12,ANH_N768284_DiemThiTHPT,8.9,6.7,9.0,8.5,6.7,6.5,7.716666666666668,0.6,0.4,1.0,7.833333333333333,0.0,QuanDoiCongAn,MienBac,CongNgheThongTin,DiemThiTHPT,3.87
12,ANH_N684209_DiemThiTHPT,8.9,6.7,9.0,8.5,6.7,6.5,7.716666666666668,0.6,0.4,1.0,8.16,0.0,QuanDoiCongAn,MienBac,CongNgheThongTin,DiemThiTHPT,2.6
12,ANH_N174137_DiemThiTHPT,8.9,6.7,9.0,8.5,6.7,6.5,7.716666666666668,0.6,0.4,1.0,6.876666666666666,0.0,QuanDoiCongAn,MienBac,CongNgheThongTin,DiemThiTHPT,2.37
12,ANH_N628706_DiemThiTHPT,8.9,6.7,9.0,8.5,6.7,6.5,7.716666666666668,0.6,0.4,1.0,8.23,0.0,QuanDoiCongAn,MienBac,CongNgheThongTin,DiemThiTHPT,4.62
12,ANH_N396286_DiemThiTHPT,8.9,6.7,9.0,8.5,6.7,6.5,7.716666666666668,0.6,0.4,1.0,8.049999999999999,0.0,QuanDoiCongAn,MienBac,CongNgheThongTin,DiemThiTHPT,3.6
12,ANH_N700928_DiemThiTHPT,8.9,6.7,9.0,8.5,6.7,6.5,7.716666666666668,0.6,0.4,1.0,6.23,0.0,QuanDoiCongAn,MienBac,CongNgheThongTin,DiemThiTHPT,3.32
12,ANH_N583852_DiemThiTHPT,8.9,6.7,9.0,8.5,6.7,6.5,7.716666666666668,0.6,0.4,1.0,7.326666666666667,0.0,QuanDoiCongAn,MienBac,CongNgheThongTin,DiemThiTHPT,4.2
12,ANH_N924441_DiemThiTHPT,8.9,6.7,9.0,8.5,6.7,6.5,7.716666666666668,1.0,0.4,1.0,8.473333333333334,0.0,QuanDoiCongAn,MienBac,LuatNgoaiGiao,DiemThiTHPT,4.26
12,ANH_N395477_DiemThiTHPT,8.9,6.7,9.0,8.5,6.7,6.5,7.716666666666668,1.0,0.4,1.0,7.683333333333334,0.0,QuanDoiCongAn,MienBac,LuatNgoaiGiao,DiemThiTHPT,2.53
12,ANH_N628255_DiemThiTHPT,8.9,6.7,9.0,8.5,6.7,6.5,7.716666666666668,1.0,0.4,1.0,8.209999999999999,0.0,QuanDoiCongAn,MienBac,LuatNgoaiGiao,DiemThiTHPT,2.27
12,ANH_N759133_DiemThiTHPT,8.9,6.7,9.0,8.5,6.7,6.5,7.716666666666668,1.0,0.4,1.0,7.676666666666667,0.0,QuanDoiCongAn,MienBac,LuatNgoaiGiao,DiemThiTHPT,3.21
12,ANH_N596695_DiemThiTHPT,8.9,6.7,9.0,8.5,6.7,6.5,7.716666666666668,1.0,0.4,1.0,6.260000000000001,0.0,QuanDoiCongAn,MienBac,LuatNgoaiGiao,DiemThiTHPT,3.19
12,ANH_N779926_DiemThiTHPT,8.9,6.7,9.0,8.5,6.7,6.5,7.716666666666668,1.0,0.4,1.0,8.526666666666666,0.0,QuanDoiCongAn,MienBac,LuatNgoaiGiao,DiemThiTHPT,3.31
13,ANH_N605528_DiemThiTHPT,6.4,8.2,7.1,7.1,6.8,7.6,7.199999999999999,0.8,0.6,0.0,7.31,0.0,QuanDoiCongAn,MienBac,CongNgheThongTin,DiemThiTHPT,4.04
13,ANH_N827538_DiemThiTHPT,6.4,8.2,7.1,7.1,6.8,7.6,7.199999999999999,0.6,0.6,0.0,8.063333333333334,0.0,QuanDoiCongAn,MienBac,LuatNgoaiGiao,DiemThiTHPT,3.89
13,ANH_N768284_DiemThiTHPT,6.4,8.2,7.1,7.1,6.8,7.6,7.199999999999999,0.8,0.6,0.0,7.833333333333333,0.0,QuanDoiCongAn,MienBac,CongNgheThongTin,DiemThiTHPT,4.76
13,ANH_N684209_DiemThiTHPT,6.4,8.2,7.1,7.1,6.8,7.6,7.199999999999999,0.8,0.6,0.0,8.16,0.0,QuanDoiCongAn,MienBac,CongNgheThongTin,DiemThiTHPT,2.28
13,ANH_N174137_DiemThiTHPT,6.4,8.2,7.1,7.1,6.8,7.6,7.199999999999999,0.8,0.6,0.0,6.876666666666666,0.0,QuanDoiCongAn,MienBac,CongNgheThongTin,DiemThiTHPT,3.13
13,ANH_N628706_DiemThiTHPT,6.4,8.2,7.1,7.1,6.8,7.6,7.199999999999999,0.8,0.6,0.0,8.23,0.0,QuanDoiCongAn,MienBac,CongNgheThongTin,DiemThiTHPT,2.95
13,ANH_N396286_DiemThiTHPT,6.4,8.2,7.1,7.1,6.8,7.6,7.199999999999999,0.8,0.6,0.0,8.049999999999999,0.0,QuanDoiCongAn,MienBac,CongNgheThongTin,DiemThiTHPT,4.41
13,ANH_N700928_DiemThiTHPT,6.4,8.2,7.1,7.1,6.8,7.6,7.199999999999999,0.8,0.6,0.0,6.23,0.0,QuanDoiCongAn,MienBac,CongNgheThongTin,DiemThiTHPT,2.7
13,ANH_N583852_DiemThiTHPT,6.4,8.2,7.1,7.1,6.8,7.6,7.199999999999999,0.8,0.6,0.0,7.326666666666667,0.0,QuanDoiCongAn,MienBac,CongNgheThongTin,DiemThiTHPT,2.53
13,ANH_N924441_DiemThiTHPT,6.4,8.2,7.1,7.1,6.8,7.6,7.199999999999999,0.6,0.6,0.0,8.473333333333334,0.0,QuanDoiCongAn,MienBac,LuatNgoaiGiao,DiemThiTHPT,3.26
13,ANH_N395477_DiemThiTHPT,6.4,8.2,7.1,7.1,6.8,7.6,7.199999999999999,0.6,0.6,0.0,7.683333333333334,0.0,QuanDoiCongAn,MienBac,LuatNgoaiGiao,DiemThiTHPT,3.18
13,ANH_N628255_DiemThiTHPT,6.4,8.2,7.1,7.1,6.8,7.6,7.199999999999999,0.6,0.6,0.0,8.209999999999999,0.0,QuanDoiCongAn,MienBac,LuatNgoaiGiao,DiemThiTHPT,2.78
13,ANH_N759133_DiemThiTHPT,6.4,8.2,7.1,7.1,6.8,7.6,7.199999999999999,0.6,0.6,0.0,7.676666666666667,0.0,QuanDoiCongAn,MienBac,LuatNgoaiGiao,DiemThiTHPT,2.7
13,ANH_N596695_DiemThiTHPT,6.4,8.2,7.1,7.1,6.8,7.6,7.199999999999999,0.6,0.6,0.0,6.260000000000001,0.0,QuanDoiCongAn,MienBac,LuatNgoaiGiao,DiemThiTHPT,4.59
13,ANH_N779926_DiemThiTHPT,6.4,8.2,7.1,7.1,6.8,7.6,7.199999999999999,0.6,0.6,0.0,8.526666666666666,0.0,QuanDoiCongAn,MienBac,LuatNgoaiGiao,DiemThiTHPT,3.24
14,ANH_N605528_DiemThiTHPT,8.0,8.6,8.6,5.1,7.4,9.5,7.866666666666667,1.0,0.8,0.0,7.31,0.0,QuanDoiCongAn,MienBac,CongNgheThongTin,DiemThiTHPT,4.41
14,ANH_N827538_DiemThiTHPT,8.0,8.6,8.6,5.1,7.4,9.5,7.866666666666667,0.6,0.8,0.0,8.063333333333334,0.0,QuanDoiCongAn,MienBac,LuatNgoaiGiao,DiemThiTHPT,3.54
14,ANH_N768284_DiemThiTHPT,8.0,8.6,8.6,5.1,7.4,9.5,7.866666666666667,1.0,0.8,0.0,7.833333333333333,0.0,QuanDoiCongAn,MienBac,CongNgheThongTin,DiemThiTHPT,2.14
14,ANH_N684209_DiemThiTHPT,8.0,8.6,8.6,5.1,7.4,9.5,7.866666666666667,1.0,0.8,0.0,8.16,0.0,QuanDoiCongAn,MienBac,CongNgheThongTin,DiemThiTHPT,4.8
14,ANH_N174137_DiemThiTHPT,8.0,8.6,8.6,5.1,7.4,9.5,7.866666666666667,1.0,0.8,0.0,6.876666666666666,0.0,QuanDoiCongAn,MienBac,CongNgheThongTin,DiemThiTHPT,4.34
14,ANH_N628706_DiemThiTHPT,8.0,8.6,8.6,5.1,7.4,9.5,7.866666666666667,1.0,0.8,0.0,8.23,0.0,QuanDoiCongAn,MienBac,CongNgheThongTin,DiemThiTHPT,4.71
14,ANH_N396286_DiemThiTHPT,8.0,8.6,8.6,5.1,7.4,9.5,7.866666666666667,1.0,0.8,0.0,8.049999999999999,0.0,QuanDoiCongAn,MienBac,CongNgheThongTin,DiemThiTHPT,4.59
14,ANH_N700928_DiemThiTHPT,8.0,8.6,8.6,5.1,7.4,9.5,7.866666666666667,1.0,0.8,0.0,6.23,0.0,QuanDoiCongAn,MienBac,CongNgheThongTin,DiemThiTHPT,4.38
14,ANH_N583852_DiemThiTHPT,8.0,8.6,8.6,5.1,7.4,9.5,7.866666666666667,1.0,0.8,0.0,7.326666666666667,0.0,QuanDoiCongAn,MienBac,CongNgheThongTin,DiemThiTHPT,2.47
14,ANH_N924441_DiemThiTHPT,8.0,8.6,8.6,5.1,7.4,9.5,7.866666666666667,0.6,0.8,0.0,8.473333333333334,0.0,QuanDoiCongAn,MienBac,LuatNgoaiGiao,DiemThiTHPT,3.36
14,ANH_N395477_DiemThiTHPT,8.0,8.6,8.6,5.1,7.4,9.5,7.866666666666667,0.6,0.8,0.0,7.683333333333334,0.0,QuanDoiCongAn,MienBac,LuatNgoaiGiao,DiemThiTHPT,2.6
14,ANH_N628255_DiemThiTHPT,8.0,8.6,8.6,5.1,7.4,9.5,7.866666666666667,0.6,0.8,0.0,8.209999999999999,0.0,QuanDoiCongAn,MienBac,LuatNgoaiGiao,DiemThiTHPT,3.12
14,ANH_N759133_DiemThiTHPT,8.0,8.6,8.6,5.1,7.4,9.5,7.866666666666667,0.6,0.8,0.0,7.676666666666667,0.0,QuanDoiCongAn,MienBac,LuatNgoaiGiao,DiemThiTHPT,2.16
14,ANH_N596695_DiemThiTHPT,8.0,8.6,8.6,5.1,7.4,9.5,7.866666666666667,0.6,0.8,0.0,6.260000000000001,0.0,QuanDoiCongAn,MienBac,LuatNgoaiGiao,DiemThiTHPT,3.06
14,ANH_N779926_DiemThiTHPT,8.0,8.6,8.6,5.1,7.4,9.5,7.866666666666667,0.6,0.8,0.0,8.526666666666666,0.0,QuanDoiCongAn,MienBac,LuatNgoaiGiao,DiemThiTHPT,4.76
15,ANH_N605528_DiemThiTHPT,6.3,9.4,6.6,8.2,7.6,4.1,7.033333333333332,0.6,1.0,1.0,7.31,0.0,QuanDoiCongAn,MienBac,CongNgheThongTin,DiemThiTHPT,2.74
15,ANH_N827538_DiemThiTHPT,6.3,9.4,6.6,8.2,7.6,4.1,7.033333333333332,0.6,1.0,1.0,8.063333333333334,0.0,QuanDoiCongAn,MienBac,LuatNgoaiGiao,DiemThiTHPT,4.2
15,ANH_N768284_DiemThiTHPT,6.3,9.4,6.6,8.2,7.6,4.1,7.033333333333332,0.6,1.0,1.0,7.833333333333333,0.0,QuanDoiCongAn,MienBac,CongNgheThongTin,DiemThiTHPT,3.27
15,ANH_N684209_DiemThiTHPT,6.3,9.4,6.6,8.2,7.6,4.1,7.033333333333332,0.6,1.0,1.0,8.16,0.0,QuanDoiCongAn,MienBac,CongNgheThongTin,DiemThiTHPT,3.18
15,ANH_N174137_DiemThiTHPT,6.3,9.4,6.6,8.2,7.6,4.1,7.033333333333332,0.6,1.0,1.0,6.876666666666666,0.0,QuanDoiCongAn,MienBac,CongNgheThongTin,DiemThiTHPT,4.68
15,ANH_N628706_DiemThiTHPT,6.3,9.4,6.6,8.2,7.6,4.1,7.033333333333332,0.6,1.0,1.0,8.23,0.0,QuanDoiCongAn,MienBac,CongNgheThongTin,DiemThiTHPT,4.79
15,ANH_N396286_DiemThiTHPT,6.3,9.4,6.6,8.2,7.6,4.1,7.033333333333332,0.6,1.0,1.0,8.049999999999999,0.0,QuanDoiCongAn,MienBac,CongNgheThongTin,DiemThiTHPT,3.56
15,ANH_N700928_DiemThiTHPT,6.3,9.4,6.6,8.2,7.6,4.1,7.033333333333332,0.6,1.0,1.0,6.23,0.0,QuanDoiCongAn,MienBac,CongNgheThongTin,DiemThiTHPT,4.01
15,ANH_N583852_DiemThiTHPT,6.3,9.4,6.6,8.2,7.6,4.1,7.033333333333332,0.6,1.0,1.0,7.326666666666667,0.0,QuanDoiCongAn,MienBac,CongNgheThongTin,DiemThiTHPT,2.43
15,ANH_N924441_DiemThiTHPT,6.3,9.4,6.6,8.2,7.6,4.1,7.033333333333332,0.6,1.0,1.0,8.473333333333334,0.0,QuanDoiCongAn,MienBac,LuatNgoaiGiao,DiemThiTHPT,2.83
15,ANH_N395477_DiemThiTHPT,6.3,9.4,6.6,8.2,7.6,4.1,7.033333333333332,0.6,1.0,1.0,7.683333333333334,0.0,QuanDoiCongAn,MienBac,LuatNgoaiGiao,DiemThiTHPT,4.71
15,ANH_N628255_DiemThiTHPT,6.3,9.4,6.6,8.2,7.6,4.1,7.033333333333332,0.6,1.0,1.0,8.209999999999999,0.0,QuanDoiCongAn,MienBac,LuatNgoaiGiao,DiemThiTHPT,3.62
15,ANH_N759133_DiemThiTHPT,6.3,9.4,6.6,8.2,7.6,4.1,7.033333333333332,0.6,1.0,1.0,7.676666666666667,0.0,QuanDoiCongAn,MienBac,LuatNgoaiGiao,DiemThiTHPT,3.52
15,ANH_N596695_DiemThiTHPT,6.3,9.4,6.6,8.2,7.6,4.1,7.033333333333332,0.6,1.0,1.0,6.260000000000001,0.0,QuanDoiCongAn,MienBac,LuatNgoaiGiao,DiemThiTHPT,4.09
15,ANH_N779926_DiemThiTHPT,6.3,9.4,6.6,8.2,7.6,4.1,7.033333333333332,0.6,1.0,1.0,8.526666666666666,0.0,QuanDoiCongAn,MienBac,LuatNgoaiGiao,DiemThiTHPT,2.16
16,ANH_N605528_DiemThiTHPT,8.8,7.3,6.9,5.1,4.9,6.5,6.583333333333333,0.6,1.0,0.0,7.31,0.0,QuanDoiCongAn,MienBac,CongNgheThongTin,DiemThiTHPT,3.64
16,ANH_N827538_DiemThiTHPT,8.8,7.3,6.9,5.1,4.9,6.5,6.583333333333333,0.6,1.0,0.0,8.063333333333334,0.0,QuanDoiCongAn,MienBac,LuatNgoaiGiao,DiemThiTHPT,3.41
16,ANH_N768284_DiemThiTHPT,8.8,7.3,6.9,5.1,4.9,6.5,6.583333333333333,0.6,1.0,0.0,7.833333333333333,0.0,QuanDoiCongAn,MienBac,CongNgheThongTin,DiemThiTHPT,4.39
16,ANH_N684209_DiemThiTHPT,8.8,7.3,6.9,5.1,4.9,6.5,6.583333333333333,0.6,1.0,0.0,8.16,0.0,QuanDoiCongAn,MienBac,CongNgheThongTin,DiemThiTHPT,2.44
16,ANH_N174137_DiemThiTHPT,8.8,7.3,6.9,5.1,4.9,6.5,6.583333333333333,0.6,1.0,0.0,6.876666666666666,0.0,QuanDoiCongAn,MienBac,CongNgheThongTin,DiemThiTHPT,4.69
16,ANH_N628706_DiemThiTHPT,8.8,7.3,6.9,5.1,4.9,6.5,6.583333333333333,0.6,1.0,0.0,8.23,0.0,QuanDoiCongAn,MienBac,CongNgheThongTin,DiemThiTHPT,2.22
16,ANH_N396286_DiemThiTHPT,8.8,7.3,6.9,5.1,4.9,6.5,6.583333333333333,0.6,1.0,0.0,8.049999999999999,0.0,QuanDoiCongAn,MienBac,CongNgheThongTin,DiemThiTHPT,2.52
16,ANH_N700928_DiemThiTHPT,8.8,7.3,6.9,5.1,4.9,6.5,6.583333333333333,0.6,1.0,0.0,6.23,0.0,QuanDoiCongAn,MienBac,CongNgheThongTin,DiemThiTHPT,3.67
16,ANH_N583852_DiemThiTHPT,8.8,7.3,6.9,5.1,4.9,6.5,6.583333333333333,0.6,1.0,0.0,7.326666666666667,0.0,QuanDoiCongAn,MienBac,CongNgheThongTin,DiemThiTHPT,3.89
16,ANH_N924441_DiemThiTHPT,8.8,7.3,6.9,5.1,4.9,6.5,6.583333333333333,0.6,1.0,0.0,8.473333333333334,0.0,QuanDoiCongAn,MienBac,LuatNgoaiGiao,DiemThiTHPT,2.66
16,ANH_N395477_DiemThiTHPT,8.8,7.3,6.9,5.1,4.9,6.5,6.583333333333333,0.6,1.0,0.0,7.683333333333334,0.0,QuanDoiCongAn,MienBac,LuatNgoaiGiao,DiemThiTHPT,2.34
16,ANH_N628255_DiemThiTHPT,8.8,7.3,6.9,5.1,4.9,6.5,6.583333333333333,0.6,1.0,0.0,8.209999999999999,0.0,QuanDoiCongAn,MienBac,LuatNgoaiGiao,DiemThiTHPT,4.49
16,ANH_N759133_DiemThiTHPT,8.8,7.3,6.9,5.1,4.9,6.5,6.583333333333333,0.6,1.0,0.0,7.676666666666667,0.0,QuanDoiCongAn,MienBac,LuatNgoaiGiao,DiemThiTHPT,2.69
16,ANH_N596695_DiemThiTHPT,8.8,7.3,6.9,5.1,4.9,6.5,6.583333333333333,0.6,1.0,0.0,6.260000000000001,0.0,QuanDoiCongAn,MienBac,LuatNgoaiGiao,DiemThiTHPT,3.66
16,ANH_N779926_DiemThiTHPT,8.8,7.3,6.9,5.1,4.9,6.5,6.583333333333333,0.6,1.0,0.0,8.526666666666666,0.0,QuanDoiCongAn,MienBac,LuatNgoaiGiao,DiemThiTHPT,3.73
17,ANH_N605528_DiemThiTHPT,5.9,7.8,7.1,7.0,5.0,8.7,6.916666666666667,0.6,1.0,0.0,7.31,0.0,QuanDoiCongAn,MienBac,CongNgheThongTin,DiemThiTHPT,3.17
17,ANH_N827538_DiemThiTHPT,5.9,7.8,7.1,7.0,5.0,8.7,6.916666666666667,0.6,1.0,0.0,8.063333333333334,0.0,QuanDoiCongAn,MienBac,LuatNgoaiGiao,DiemThiTHPT,3.63
17,ANH_N768284_DiemThiTHPT,5.9,7.8,7.1,7.0,5.0,8.7,6.916666666666667,0.6,1.0,0.0,7.833333333333333,0.0,QuanDoiCongAn,MienBac,CongNgheThongTin,DiemThiTHPT,3.46
17,ANH_N684209_DiemThiTHPT,5.9,7.8,7.1,7.0,5.0,8.7,6.916666666666667,0.6,1.0,0.0,8.16,0.0,QuanDoiCongAn,MienBac,CongNgheThongTin,DiemThiTHPT,4.62
17,ANH_N174137_DiemThiTHPT,5.9,7.8,7.1,7.0,5.0,8.7,6.916666666666667,0.6,1.0,0.0,6.876666666666666,0.0,QuanDoiCongAn,MienBac,CongNgheThongTin,DiemThiTHPT,2.57
17,ANH_N628706_DiemThiTHPT,5.9,7.8,7.1,7.0,5.0,8.7,6.916666666666667,0.6,1.0,0.0,8.23,0.0,QuanDoiCongAn,MienBac,CongNgheThongTin,DiemThiTHPT,4.01
17,ANH_N396286_DiemThiTHPT,5.9,7.8,7.1,7.0,5.0,8.7,6.916666666666667,0.6,1.0,0.0,8.049999999999999,0.0,QuanDoiCongAn,MienBac,CongNgheThongTin,DiemThiTHPT,2.67
17,ANH_N700928_DiemThiTHPT,5.9,7.8,7.1,7.0,5.0,8.7,6.916666666666667,0.6,1.0,0.0,6.23,0.0,QuanDoiCongAn,MienBac,CongNgheThongTin,DiemThiTHPT,3.11
17,ANH_N583852_DiemThiTHPT,5.9,7.8,7.1,7.0,5.0,8.7,6.916666666666667,0.6,1.0,0.0,7.326666666666667,0.0,QuanDoiCongAn,MienBac,CongNgheThongTin,DiemThiTHPT,3.88
17,ANH_N924441_DiemThiTHPT,5.9,7.8,7.1,7.0,5.0,8.7,6.916666666666667,0.6,1.0,0.0,8.473333333333334,0.0,QuanDoiCongAn,MienBac,LuatNgoaiGiao,DiemThiTHPT,2.84
17,ANH_N395477_DiemThiTHPT,5.9,7.8,7.1,7.0,5.0,8.7,6.916666666666667,0.6,1.0,0.0,7.683333333333334,0.0,QuanDoiCongAn,MienBac,LuatNgoaiGiao,DiemThiTHPT,2.89
17,ANH_N628255_DiemThiTHPT,5.9,7.8,7.1,7.0,5.0,8.7,6.916666666666667,0.6,1.0,0.0,8.209999999999999,0.0,QuanDoiCongAn,MienBac,LuatNgoaiGiao,DiemThiTHPT,4.11
17,ANH_N759133_DiemThiTHPT,5.9,7.8,7.1,7.0,5.0,8.7,6.916666666666667,0.6,1.0,0.0,7.676666666666667,0.0,QuanDoiCongAn,MienBac,LuatNgoaiGiao,DiemThiTHPT,2.2
17,ANH_N596695_DiemThiTHPT,5.9,7.8,7.1,7.0,5.0,8.7,6.916666666666667,0.6,1.0,0.0,6.260000000000001,0.0,QuanDoiCongAn,MienBac,LuatNgoaiGiao,DiemThiTHPT,3.28
17,ANH_N779926_DiemThiTHPT,5.9,7.8,7.1,7.0,5.0,8.7,6.916666666666667,0.6,1.0,0.0,8.526666666666666,0.0,QuanDoiCongAn,MienBac,LuatNgoaiGiao,DiemThiTHPT,4.8
18,ANH_N605528_DiemThiTHPT,6.9,7.5,6.4,8.8,8.5,6.5,7.433333333333334,0.6,0.4,1.0,7.31,0.0,QuanDoiCongAn,MienBac,CongNgheThongTin,DiemThiTHPT,4.79
18,ANH_N827538_DiemThiTHPT,6.9,7.5,6.4,8.8,8.5,6.5,7.433333333333334,0.8,0.4,1.0,8.063333333333334,0.0,QuanDoiCongAn,MienBac,LuatNgoaiGiao,DiemThiTHPT,2.21
18,ANH_N768284_DiemThiTHPT,6.9,7.5,6.4,8.8,8.5,6.5,7.433333333333334,0.6,0.4,1.0,7.833333333333333,0.0,QuanDoiCongAn,MienBac,CongNgheThongTin,DiemThiTHPT,2.6
18,ANH_N684209_DiemThiTHPT,6.9,7.5,6.4,8.8,8.5,6.5,7.433333333333334,0.6,0.4,1.0,8.16,0.0,QuanDoiCongAn,MienBac,CongNgheThongTin,DiemThiTHPT,2.74
18,ANH_N174137_DiemThiTHPT,6.9,7.5,6.4,8.8,8.5,6.5,7.433333333333334,0.6,0.4,1.0,6.876666666666666,0.0,QuanDoiCongAn,MienBac,CongNgheThongTin,DiemThiTHPT,4.61
18,ANH_N628706_DiemThiTHPT,6.9,7.5,6.4,8.8,8.5,6.5,7.433333333333334,0.6,0.4,1.0,8.23,0.0,QuanDoiCongAn,MienBac,CongNgheThongTin,DiemThiTHPT,4.47
18,ANH_N396286_DiemThiTHPT,6.9,7.5,6.4,8.8,8.5,6.5,7.433333333333334,0.6,0.4,1.0,8.049999999999999,0.0,QuanDoiCongAn,MienBac,CongNgheThongTin,DiemThiTHPT,4.46
18,ANH_N700928_DiemThiTHPT,6.9,7.5,6.4,8.8,8.5,6.5,7.433333333333334,0.6,0.4,1.0,6.23,0.0,QuanDoiCongAn,MienBac,CongNgheThongTin,DiemThiTHPT,3.03
18,ANH_N583852_DiemThiTHPT,6.9,7.5,6.4,8.8,8.5,6.5,7.433333333333334,0.6,0.4,1.0,7.326666666666667,0.0,QuanDoiCongAn,MienBac,CongNgheThongTin,DiemThiTHPT,2.44
18,ANH_N924441_DiemThiTHPT,6.9,7.5,6.4,8.8,8.5,6.5,7.433333333333334,0.8,0.4,1.0,8.473333333333334,0.0,QuanDoiCongAn,MienBac,LuatNgoaiGiao,DiemThiTHPT,4.33
18,ANH_N395477_DiemThiTHPT,6.9,7.5,6.4,8.8,8.5,6.5,7.433333333333334,0.8,0.4,1.0,7.683333333333334,0.0,QuanDoiCongAn,MienBac,LuatNgoaiGiao,DiemThiTHPT,3.97
18,ANH_N628255_DiemThiTHPT,6.9,7.5,6.4,8.8,8.5,6.5,7.433333333333334,0.8,0.4,1.0,8.209999999999999,0.0,QuanDoiCongAn,MienBac,LuatNgoaiGiao,DiemThiTHPT,3.71
18,ANH_N759133_DiemThiTHPT,6.9,7.5,6.4,8.8,8.5,6.5,7.433333333333334,0.8,0.4,1.0,7.676666666666667,0.0,QuanDoiCongAn,MienBac,LuatNgoaiGiao,DiemThiTHPT,4.76
18,ANH_N596695_DiemThiTHPT,6.9,7.5,6.4,8.8,8.5,6.5,7.433333333333334,0.8,0.4,1.0,6.260000000000001,0.0,QuanDoiCongAn,MienBac,LuatNgoaiGiao,DiemThiTHPT,3.83
18,ANH_N779926_DiemThiTHPT,6.9,7.5,6.4,8.8,8.5,6.5,7.433333333333334,0.8,0.4,1.0,8.526666666666666,0.0,QuanDoiCongAn,MienBac,LuatNgoaiGiao,DiemThiTHPT,2.02
19,ANH_N605528_DiemThiTHPT,7.9,7.4,7.8,9.5,4.6,7.3,7.416666666666667,0.6,0.6,0.0,7.31,0.0,QuanDoiCongAn,MienBac,CongNgheThongTin,DiemThiTHPT,4.29
19,ANH_N827538_DiemThiTHPT,7.9,7.4,7.8,9.5,4.6,7.3,7.416666666666667,1.0,0.6,0.0,8.063333333333334,0.0,QuanDoiCongAn,MienBac,LuatNgoaiGiao,DiemThiTHPT,2.84
19,ANH_N768284_DiemThiTHPT,7.9,7.4,7.8,9.5,4.6,7.3,7.416666666666667,0.6,0.6,0.0,7.833333333333333,0.0,QuanDoiCongAn,MienBac,CongNgheThongTin,DiemThiTHPT,3.86
19,ANH_N684209_DiemThiTHPT,7.9,7.4,7.8,9.5,4.6,7.3,7.416666666666667,0.6,0.6,0.0,8.16,0.0,QuanDoiCongAn,MienBac,CongNgheThongTin,DiemThiTHPT,4.63
19,ANH_N174137_DiemThiTHPT,7.9,7.4,7.8,9.5,4.6,7.3,7.416666666666667,0.6,0.6,0.0,6.876666666666666,0.0,QuanDoiCongAn,MienBac,CongNgheThongTin,DiemThiTHPT,2.38
19,ANH_N628706_DiemThiTHPT,7.9,7.4,7.8,9.5,4.6,7.3,7.416666666666667,0.6,0.6,0.0,8.23,0.0,QuanDoiCongAn,MienBac,CongNgheThongTin,DiemThiTHPT,2.32
19,ANH_N396286_DiemThiTHPT,7.9,7.4,7.8,9.5,4.6,7.3,7.416666666666667,0.6,0.6,0.0,8.049999999999999,0.0,QuanDoiCongAn,MienBac,CongNgheThongTin,DiemThiTHPT,2.3
19,ANH_N700928_DiemThiTHPT,7.9,7.4,7.8,9.5,4.6,7.3,7.416666666666667,0.6,0.6,0.0,6.23,0.0,QuanDoiCongAn,MienBac,CongNgheThongTin,DiemThiTHPT,3.55
19,ANH_N583852_DiemThiTHPT,7.9,7.4,7.8,9.5,4.6,7.3,7.416666666666667,0.6,0.6,0.0,7.326666666666667,0.0,QuanDoiCongAn,MienBac,CongNgheThongTin,DiemThiTHPT,2.76
19,ANH_N924441_DiemThiTHPT,7.9,7.4,7.8,9.5,4.6,7.3,7.416666666666667,1.0,0.6,0.0,8.473333333333334,0.0,QuanDoiCongAn,MienBac,LuatNgoaiGiao,DiemThiTHPT,3.69
19,ANH_N395477_DiemThiTHPT,7.9,7.4,7.8,9.5,4.6,7.3,7.416666666666667,1.0,0.6,0.0,7.683333333333334,0.0,QuanDoiCongAn,MienBac,LuatNgoaiGiao,DiemThiTHPT,4.01
19,ANH_N628255_DiemThiTHPT,7.9,7.4,7.8,9.5,4.6,7.3,7.416666666666667,1.0,0.6,0.0,8.209999999999999,0.0,QuanDoiCongAn,MienBac,LuatNgoaiGiao,DiemThiTHPT,2.57
19,ANH_N759133_DiemThiTHPT,7.9,7.4,7.8,9.5,4.6,7.3,7.416666666666667,1.0,0.6,0.0,7.676666666666667,0.0,QuanDoiCongAn,MienBac,LuatNgoaiGiao,DiemThiTHPT,3.78
19,ANH_N596695_DiemThiTHPT,7.9,7.4,7.8,9.5,4.6,7.3,7.416666666666667,1.0,0.6,0.0,6.260000000000001,0.0,QuanDoiCongAn,MienBac,LuatNgoaiGiao,DiemThiTHPT,2.74
19,ANH_N779926_DiemThiTHPT,7.9,7.4,7.8,9.5,4.6,7.3,7.416666666666667,1.0,0.6,0.0,8.526666666666666,0.0,QuanDoiCongAn,MienBac,LuatNgoaiGiao,DiemThiTHPT,3.37
20,ANH_N605528_DiemThiTHPT,4.2,8.2,5.0,7.6,8.0,4.3,6.216666666666666,0.8,0.8,0.0,7.31,0.0,QuanDoiCongAn,MienBac,CongNgheThongTin,DiemThiTHPT,4.53
20,ANH_N827538_DiemThiTHPT,4.2,8.2,5.0,7.6,8.0,4.3,6.216666666666666,0.6,0.8,0.0,8.063333333333334,0.0,QuanDoiCongAn,MienBac,LuatNgoaiGiao,DiemThiTHPT,4.37
20,ANH_N768284_DiemThiTHPT,4.2,8.2,5.0,7.6,8.0,4.3,6.216666666666666,0.8,0.8,0.0,7.833333333333333,0.0,QuanDoiCongAn,MienBac,CongNgheThongTin,DiemThiTHPT,2.26
20,ANH_N684209_DiemThiTHPT,4.2,8.2,5.0,7.6,8.0,4.3,6.216666666666666,0.8,0.8,0.0,8.16,0.0,QuanDoiCongAn,MienBac,CongNgheThongTin,DiemThiTHPT,3.19
20,ANH_N174137_DiemThiTHPT,4.2,8.2,5.0,7.6,8.0,4.3,6.216666666666666,0.8,0.8,0.0,6.876666666666666,0.0,QuanDoiCongAn,MienBac,CongNgheThongTin,DiemThiTHPT,2.77
20,ANH_N628706_DiemThiTHPT,4.2,8.2,5.0,7.6,8.0,4.3,6.216666666666666,0.8,0.8,0.0,8.23,0.0,QuanDoiCongAn,MienBac,CongNgheThongTin,DiemThiTHPT,2.01
20,ANH_N396286_DiemThiTHPT,4.2,8.2,5.0,7.6,8.0,4.3,6.216666666666666,0.8,0.8,0.0,8.049999999999999,0.0,QuanDoiCongAn,MienBac,CongNgheThongTin,DiemThiTHPT,4.16
20,ANH_N700928_DiemThiTHPT,4.2,8.2,5.0,7.6,8.0,4.3,6.216666666666666,0.8,0.8,0.0,6.23,0.0,QuanDoiCongAn,MienBac,CongNgheThongTin,DiemThiTHPT,3.78
20,ANH_N583852_DiemThiTHPT,4.2,8.2,5.0,7.6,8.0,4.3,6.216666666666666,0.8,0.8,0.0,7.326666666666667,0.0,QuanDoiCongAn,MienBac,CongNgheThongTin,DiemThiTHPT,2.73
20,ANH_N924441_DiemThiTHPT,4.2,8.2,5.0,7.6,8.0,4.3,6.216666666666666,0.6,0.8,0.0,8.473333333333334,0.0,QuanDoiCongAn,MienBac,LuatNgoaiGiao,DiemThiTHPT,4.08
20,ANH_N395477_DiemThiTHPT,4.2,8.2,5.0,7.6,8.0,4.3,6.216666666666666,0.6,0.8,0.0,7.683333333333334,0.0,QuanDoiCongAn,MienBac,LuatNgoaiGiao,DiemThiTHPT,3.54
20,ANH_N628255_DiemThiTHPT,4.2,8.2,5.0,7.6,8.0,4.3,6.216666666666666,0.6,0.8,0.0,8.209999999999999,0.0,QuanDoiCongAn,MienBac,LuatNgoaiGiao,DiemThiTHPT,3.2
20,ANH_N759133_DiemThiTHPT,4.2,8.2,5.0,7.6,8.0,4.3,6.216666666666666,0.6,0.8,0.0,7.676666666666667,0.0,QuanDoiCongAn,MienBac,LuatNgoaiGiao,DiemThiTHPT,2.03
20,ANH_N596695_DiemThiTHPT,4.2,8.2,5.0,7.6,8.0,4.3,6.216666666666666,0.6,0.8,0.0,6.260000000000001,0.0,QuanDoiCongAn,MienBac,LuatNgoaiGiao,DiemThiTHPT,2.21
20,ANH_N779926_DiemThiTHPT,4.2,8.2,5.0,7.6,8.0,4.3,6.216666666666666,0.6,0.8,0.0,8.526666666666666,0.0,QuanDoiCongAn,MienBac,LuatNgoaiGiao,DiemThiTHPT,4.47
21,ANH_N605528_DiemThiTHPT,7.3,5.7,7.7,7.5,5.9,6.7,6.800000000000001,1.0,1.0,1.0,7.31,0.0,QuanDoiCongAn,MienBac,CongNgheThongTin,DiemThiTHPT,4.53
21,ANH_N827538_DiemThiTHPT,7.3,5.7,7.7,7.5,5.9,6.7,6.800000000000001,0.6,1.0,1.0,8.063333333333334,0.0,QuanDoiCongAn,MienBac,LuatNgoaiGiao,DiemThiTHPT,3.53
21,ANH_N768284_DiemThiTHPT,7.3,5.7,7.7,7.5,5.9,6.7,6.800000000000001,1.0,1.0,1.0,7.833333333333333,0.0,QuanDoiCongAn,MienBac,CongNgheThongTin,DiemThiTHPT,4.34
21,ANH_N684209_DiemThiTHPT,7.3,5.7,7.7,7.5,5.9,6.7,6.800000000000001,1.0,1.0,1.0,8.16,0.0,QuanDoiCongAn,MienBac,CongNgheThongTin,DiemThiTHPT,3.63
21,ANH_N174137_DiemThiTHPT,7.3,5.7,7.7,7.5,5.9,6.7,6.800000000000001,1.0,1.0,1.0,6.876666666666666,0.0,QuanDoiCongAn,MienBac,CongNgheThongTin,DiemThiTHPT,2.41
21,ANH_N628706_DiemThiTHPT,7.3,5.7,7.7,7.5,5.9,6.7,6.800000000000001,1.0,1.0,1.0,8.23,0.0,QuanDoiCongAn,MienBac,CongNgheThongTin,DiemThiTHPT,2.36
21,ANH_N396286_DiemThiTHPT,7.3,5.7,7.7,7.5,5.9,6.7,6.800000000000001,1.0,1.0,1.0,8.049999999999999,0.0,QuanDoiCongAn,MienBac,CongNgheThongTin,DiemThiTHPT,2.86
21,ANH_N700928_DiemThiTHPT,7.3,5.7,7.7,7.5,5.9,6.7,6.800000000000001,1.0,1.0,1.0,6.23,0.0,QuanDoiCongAn,MienBac,CongNgheThongTin,DiemThiTHPT,4.52
21,ANH_N583852_DiemThiTHPT,7.3,5.7,7.7,7.5,5.9,6.7,6.800000000000001,1.0,1.0,1.0,7.326666666666667,0.0,QuanDoiCongAn,MienBac,CongNgheThongTin,DiemThiTHPT,4.23
21,ANH_N924441_DiemThiTHPT,7.3,5.7,7.7,7.5,5.9,6.7,6.800000000000001,0.6,1.0,1.0,8.473333333333334,0.0,QuanDoiCongAn,MienBac,LuatNgoaiGiao,DiemThiTHPT,4.41
21,ANH_N395477_DiemThiTHPT,7.3,5.7,7.7,7.5,5.9,6.7,6.800000000000001,0.6,1.0,1.0,7.683333333333334,0.0,QuanDoiCongAn,MienBac,LuatNgoaiGiao,DiemThiTHPT,4.52
21,ANH_N628255_DiemThiTHPT,7.3,5.7,7.7,7.5,5.9,6.7,6.800000000000001,0.6,1.0,1.0,8.209999999999999,0.0,QuanDoiCongAn,MienBac,LuatNgoaiGiao,DiemThiTHPT,2.59
21,ANH_N759133_DiemThiTHPT,7.3,5.7,7.7,7.5,5.9,6.7,6.800000000000001,0.6,1.0,1.0,7.676666666666667,0.0,QuanDoiCongAn,MienBac,LuatNgoaiGiao,DiemThiTHPT,2.7
21,ANH_N596695_DiemThiTHPT,7.3,5.7,7.7,7.5,5.9,6.7,6.800000000000001,0.6,1.0,1.0,6.260000000000001,0.0,QuanDoiCongAn,MienBac,LuatNgoaiGiao,DiemThiTHPT,2.29
21,ANH_N779926_DiemThiTHPT,7.3,5.7,7.7,7.5,5.9,6.7,6.800000000000001,0.6,1.0,1.0,8.526666666666666,0.0,QuanDoiCongAn,MienBac,LuatNgoaiGiao,DiemThiTHPT,4.18
22,ANH_N605528_DiemThiTHPT,6.0,9.1,6.1,8.3,7.4,6.3,7.199999999999999,0.6,1.0,0.0,7.31,0.0,QuanDoiCongAn,MienBac,CongNgheThongTin,DiemThiTHPT,4.48
22,ANH_N827538_DiemThiTHPT,6.0,9.1,6.1,8.3,7.4,6.3,7.199999999999999,0.6,1.0,0.0,8.063333333333334,0.0,QuanDoiCongAn,MienBac,LuatNgoaiGiao,DiemThiTHPT,3.14
22,ANH_N768284_DiemThiTHPT,6.0,9.1,6.1,8.3,7.4,6.3,7.199999999999999,0.6,1.0,0.0,7.833333333333333,0.0,QuanDoiCongAn,MienBac,CongNgheThongTin,DiemThiTHPT,3.74
22,ANH_N684209_DiemThiTHPT,6.0,9.1,6.1,8.3,7.4,6.3,7.199999999999999,0.6,1.0,0.0,8.16,0.0,QuanDoiCongAn,MienBac,CongNgheThongTin,DiemThiTHPT,2.43
22,ANH_N174137_DiemThiTHPT,6.0,9.1,6.1,8.3,7.4,6.3,7.199999999999999,0.6,1.0,0.0,6.876666666666666,0.0,QuanDoiCongAn,MienBac,CongNgheThongTin,DiemThiTHPT,4.6
22,ANH_N628706_DiemThiTHPT,6.0,9.1,6.1,8.3,7.4,6.3,7.199999999999999,0.6,1.0,0.0,8.23,0.0,QuanDoiCongAn,MienBac,CongNgheThongTin,DiemThiTHPT,4.42
22,ANH_N396286_DiemThiTHPT,6.0,9.1,6.1,8.3,7.4,6.3,7.199999999999999,0.6,1.0,0.0,8.049999999999999,0.0,QuanDoiCongAn,MienBac,CongNgheThongTin,DiemThiTHPT,4.73
22,ANH_N700928_DiemThiTHPT,6.0,9.1,6.1,8.3,7.4,6.3,7.199999999999999,0.6,1.0,0.0,6.23,0.0,QuanDoiCongAn,MienBac,CongNgheThongTin,DiemThiTHPT,4.27
22,ANH_N583852_DiemThiTHPT,6.0,9.1,6.1,8.3,7.4,6.3,7.199999999999999,0.6,1.0,0.0,7.326666666666667,0.0,QuanDoiCongAn,MienBac,CongNgheThongTin,DiemThiTHPT,4.47
22,ANH_N924441_DiemThiTHPT,6.0,9.1,6.1,8.3,7.4,6.3,7.199999999999999,0.6,1.0,0.0,8.473333333333334,0.0,QuanDoiCongAn,MienBac,LuatNgoaiGiao,DiemThiTHPT,2.07
22,ANH_N395477_DiemThiTHPT,6.0,9.1,6.1,8.3,7.4,6.3,7.199999999999999,0.6,1.0,0.0,7.683333333333334,0.0,QuanDoiCongAn,MienBac,LuatNgoaiGiao,DiemThiTHPT,4.06
22,ANH_N628255_DiemThiTHPT,6.0,9.1,6.1,8.3,7.4,6.3,7.199999999999999,0.6,1.0,0.0,8.209999999999999,0.0,QuanDoiCongAn,MienBac,LuatNgoaiGiao,DiemThiTHPT,2.93
22,ANH_N759133_DiemThiTHPT,6.0,9.1,6.1,8.3,7.4,6.3,7.199999999999999,0.6,1.0,0.0,7.676666666666667,0.0,QuanDoiCongAn,MienBac,LuatNgoaiGiao,DiemThiTHPT,4.61
22,ANH_N596695_DiemThiTHPT,6.0,9.1,6.1,8.3,7.4,6.3,7.199999999999999,0.6,1.0,0.0,6.260000000000001,0.0,QuanDoiCongAn,MienBac,LuatNgoaiGiao,DiemThiTHPT,4.25
22,ANH_N779926_DiemThiTHPT,6.0,9.1,6.1,8.3,7.4,6.3,7.199999999999999,0.6,1.0,0.0,8.526666666666666,0.0,QuanDoiCongAn,MienBac,LuatNgoaiGiao,DiemThiTHPT,4.42
23,ANH_N605528_DiemThiTHPT,6.1,7.4,10.0,8.7,8.4,10.0,8.433333333333334,0.6,1.0,0.0,7.31,0.0,QuanDoiCongAn,MienBac,CongNgheThongTin,DiemThiTHPT,4.27
23,ANH_N827538_DiemThiTHPT,6.1,7.4,10.0,8.7,8.4,10.0,8.433333333333334,0.6,1.0,0.0,8.063333333333334,0.0,QuanDoiCongAn,MienBac,LuatNgoaiGiao,DiemThiTHPT,2.75
23,ANH_N768284_DiemThiTHPT,6.1,7.4,10.0,8.7,8.4,10.0,8.433333333333334,0.6,1.0,0.0,7.833333333333333,0.0,QuanDoiCongAn,MienBac,CongNgheThongTin,DiemThiTHPT,4.2
23,ANH_N684209_DiemThiTHPT,6.1,7.4,10.0,8.7,8.4,10.0,8.433333333333334,0.6,1.0,0.0,8.16,0.0,QuanDoiCongAn,MienBac,CongNgheThongTin,DiemThiTHPT,2.3
23,ANH_N174137_DiemThiTHPT,6.1,7.4,10.0,8.7,8.4,10.0,8.433333333333334,0.6,1.0,0.0,6.876666666666666,0.0,QuanDoiCongAn,MienBac,CongNgheThongTin,DiemThiTHPT,4.44
23,ANH_N628706_DiemThiTHPT,6.1,7.4,10.0,8.7,8.4,10.0,8.433333333333334,0.6,1.0,0.0,8.23,0.0,QuanDoiCongAn,MienBac,CongNgheThongTin,DiemThiTHPT,4.4
23,ANH_N396286_DiemThiTHPT,6.1,7.4,10.0,8.7,8.4,10.0,8.433333333333334,0.6,1.0,0.0,8.049999999999999,0.0,QuanDoiCongAn,MienBac,CongNgheThongTin,DiemThiTHPT,2.62
23,ANH_N700928_DiemThiTHPT,6.1,7.4,10.0,8.7,8.4,10.0,8.433333333333334,0.6,1.0,0.0,6.23,0.0,QuanDoiCongAn,MienBac,CongNgheThongTin,DiemThiTHPT,4.29
23,ANH_N583852_DiemThiTHPT,6.1,7.4,10.0,8.7,8.4,10.0,8.433333333333334,0.6,1.0,0.0,7.326666666666667,0.0,QuanDoiCongAn,MienBac,CongNgheThongTin,DiemThiTHPT,3.29
23,ANH_N924441_DiemThiTHPT,6.1,7.4,10.0,8.7,8.4,10.0,8.433333333333334,0.6,1.0,0.0,8.473333333333334,0.0,QuanDoiCongAn,MienBac,LuatNgoaiGiao,DiemThiTHPT,2.85
23,ANH_N395477_DiemThiTHPT,6.1,7.4,10.0,8.7,8.4,10.0,8.433333333333334,0.6,1.0,0.0,7.683333333333334,0.0,QuanDoiCongAn,MienBac,LuatNgoaiGiao,DiemThiTHPT,4.23
23,ANH_N628255_DiemThiTHPT,6.1,7.4,10.0,8.7,8.4,10.0,8.433333333333334,0.6,1.0,0.0,8.209999999999999,0.0,QuanDoiCongAn,MienBac,LuatNgoaiGiao,DiemThiTHPT,2.64
23,ANH_N759133_DiemThiTHPT,6.1,7.4,10.0,8.7,8.4,10.0,8.433333333333334,0.6,1.0,0.0,7.676666666666667,0.0,QuanDoiCongAn,MienBac,LuatNgoaiGiao,DiemThiTHPT,2.07
23,ANH_N596695_DiemThiTHPT,6.1,7.4,10.0,8.7,8.4,10.0,8.433333333333334,0.6,1.0,0.0,6.260000000000001,0.0,QuanDoiCongAn,MienBac,LuatNgoaiGiao,DiemThiTHPT,2.54
23,ANH_N779926_DiemThiTHPT,6.1,7.4,10.0,8.7,8.4,10.0,8.433333333333334,0.6,1.0,0.0,8.526666666666666,0.0,QuanDoiCongAn,MienBac,LuatNgoaiGiao,DiemThiTHPT,2.92
24,ANH_N605528_DiemThiTHPT,8.6,7.8,9.6,7.9,5.1,6.7,7.616666666666667,0.6,0.4,1.0,7.31,0.0,QuanDoiCongAn,MienBac,CongNgheThongTin,DiemThiTHPT,4.42
24,ANH_N827538_DiemThiTHPT,8.6,7.8,9.6,7.9,5.1,6.7,7.616666666666667,0.6,0.4,1.0,8.063333333333334,0.0,QuanDoiCongAn,MienBac,LuatNgoaiGiao,DiemThiTHPT,4.71
24,ANH_N768284_DiemThiTHPT,8.6,7.8,9.6,7.9,5.1,6.7,7.616666666666667,0.6,0.4,1.0,7.833333333333333,0.0,QuanDoiCongAn,MienBac,CongNgheThongTin,DiemThiTHPT,2.78
24,ANH_N684209_DiemThiTHPT,8.6,7.8,9.6,7.9,5.1,6.7,7.616666666666667,0.6,0.4,1.0,8.16,0.0,QuanDoiCongAn,MienBac,CongNgheThongTin,DiemThiTHPT,3.8
24,ANH_N174137_DiemThiTHPT,8.6,7.8,9.6,7.9,5.1,6.7,7.616666666666667,0.6,0.4,1.0,6.876666666666666,0.0,QuanDoiCongAn,MienBac,CongNgheThongTin,DiemThiTHPT,3.12
24,ANH_N628706_DiemThiTHPT,8.6,7.8,9.6,7.9,5.1,6.7,7.616666666666667,0.6,0.4,1.0,8.23,0.0,QuanDoiCongAn,MienBac,CongNgheThongTin,DiemThiTHPT,4.75
24,ANH_N396286_DiemThiTHPT,8.6,7.8,9.6,7.9,5.1,6.7,7.616666666666667,0.6,0.4,1.0,8.049999999999999,0.0,QuanDoiCongAn,MienBac,CongNgheThongTin,DiemThiTHPT,3.5
24,ANH_N700928_DiemThiTHPT,8.6,7.8,9.6,7.9,5.1,6.7,7.616666666666667,0.6,0.4,1.0,6.23,0.0,QuanDoiCongAn,MienBac,CongNgheThongTin,DiemThiTHPT,4.63
24,ANH_N583852_DiemThiTHPT,8.6,7.8,9.6,7.9,5.1,6.7,7.616666666666667,0.6,0.4,1.0,7.326666666666667,0.0,QuanDoiCongAn,MienBac,CongNgheThongTin,DiemThiTHPT,2.32
24,ANH_N924441_DiemThiTHPT,8.6,7.8,9.6,7.9,5.1,6.7,7.616666666666667,0.6,0.4,1.0,8.473333333333334,0.0,QuanDoiCongAn,MienBac,LuatNgoaiGiao,DiemThiTHPT,4.72
24,ANH_N395477_DiemThiTHPT,8.6,7.8,9.6,7.9,5.1,6.7,7.616666666666667,0.6,0.4,1.0,7.683333333333334,0.0,QuanDoiCongAn,MienBac,LuatNgoaiGiao,DiemThiTHPT,2.5
24,ANH_N628255_DiemThiTHPT,8.6,7.8,9.6,7.9,5.1,6.7,7.616666666666667,0.6,0.4,1.0,8.209999999999999,0.0,QuanDoiCongAn,MienBac,LuatNgoaiGiao,DiemThiTHPT,4.7
24,ANH_N759133_DiemThiTHPT,8.6,7.8,9.6,7.9,5.1,6.7,7.616666666666667,0.6,0.4,1.0,7.676666666666667,0.0,QuanDoiCongAn,MienBac,LuatNgoaiGiao,DiemThiTHPT,2.74
24,ANH_N596695_DiemThiTHPT,8.6,7.8,9.6,7.9,5.1,6.7,7.616666666666667,0.6,0.4,1.0,6.260000000000001,0.0,QuanDoiCongAn,MienBac,LuatNgoaiGiao,DiemThiTHPT,2.3
24,ANH_N779926_DiemThiTHPT,8.6,7.8,9.6,7.9,5.1,6.7,7.616666666666667,0.6,0.4,1.0,8.526666666666666,0.0,QuanDoiCongAn,MienBac,LuatNgoaiGiao,DiemThiTHPT,3.22
25,ANH_N605528_DiemThiTHPT,7.7,6.4,5.7,7.0,7.4,7.6,6.966666666666668,0.6,0.6,0.0,7.31,0.0,QuanDoiCongAn,MienBac,CongNgheThongTin,DiemThiTHPT,4.04
25,ANH_N827538_DiemThiTHPT,7.7,6.4,5.7,7.0,7.4,7.6,6.966666666666668,0.8,0.6,0.0,8.063333333333334,0.0,QuanDoiCongAn,MienBac,LuatNgoaiGiao,DiemThiTHPT,2.88
25,ANH_N768284_DiemThiTHPT,7.7,6.4,5.7,7.0,7.4,7.6,6.966666666666668,0.6,0.6,0.0,7.833333333333333,0.0,QuanDoiCongAn,MienBac,CongNgheThongTin,DiemThiTHPT,3.7
25,ANH_N684209_DiemThiTHPT,7.7,6.4,5.7,7.0,7.4,7.6,6.966666666666668,0.6,0.6,0.0,8.16,0.0,QuanDoiCongAn,MienBac,CongNgheThongTin,DiemThiTHPT,3.43
25,ANH_N174137_DiemThiTHPT,7.7,6.4,5.7,7.0,7.4,7.6,6.966666666666668,0.6,0.6,0.0,6.876666666666666,0.0,QuanDoiCongAn,MienBac,CongNgheThongTin,DiemThiTHPT,3.08
25,ANH_N628706_DiemThiTHPT,7.7,6.4,5.7,7.0,7.4,7.6,6.966666666666668,0.6,0.6,0.0,8.23,0.0,QuanDoiCongAn,MienBac,CongNgheThongTin,DiemThiTHPT,3.61
25,ANH_N396286_DiemThiTHPT,7.7,6.4,5.7,7.0,7.4,7.6,6.966666666666668,0.6,0.6,0.0,8.049999999999999,0.0,QuanDoiCongAn,MienBac,CongNgheThongTin,DiemThiTHPT,2.71
25,ANH_N700928_DiemThiTHPT,7.7,6.4,5.7,7.0,7.4,7.6,6.966666666666668,0.6,0.6,0.0,6.23,0.0,QuanDoiCongAn,MienBac,CongNgheThongTin,DiemThiTHPT,3.98
25,ANH_N583852_DiemThiTHPT,7.7,6.4,5.7,7.0,7.4,7.6,6.966666666666668,0.6,0.6,0.0,7.326666666666667,0.0,QuanDoiCongAn,MienBac,CongNgheThongTin,DiemThiTHPT,2.0
25,ANH_N924441_DiemThiTHPT,7.7,6.4,5.7,7.0,7.4,7.6,6.966666666666668,0.8,0.6,0.0,8.473333333333334,0.0,QuanDoiCongAn,MienBac,LuatNgoaiGiao,DiemThiTHPT,4.59
25,ANH_N395477_DiemThiTHPT,7.7,6.4,5.7,7.0,7.4,7.6,6.966666666666668,0.8,0.6,0.0,7.683333333333334,0.0,QuanDoiCongAn,MienBac,LuatNgoaiGiao,DiemThiTHPT,3.51
25,ANH_N628255_DiemThiTHPT,7.7,6.4,5.7,7.0,7.4,7.6,6.966666666666668,0.8,0.6,0.0,8.209999999999999,0.0,QuanDoiCongAn,MienBac,LuatNgoaiGiao,DiemThiTHPT,4.01
25,ANH_N759133_DiemThiTHPT,7.7,6.4,5.7,7.0,7.4,7.6,6.966666666666668,0.8,0.6,0.0,7.676666666666667,0.0,QuanDoiCongAn,MienBac,LuatNgoaiGiao,DiemThiTHPT,4.08
25,ANH_N596695_DiemThiTHPT,7.7,6.4,5.7,7.0,7.4,7.6,6.966666666666668,0.8,0.6,0.0,6.260000000000001,0.0,QuanDoiCongAn,MienBac,LuatNgoaiGiao,DiemThiTHPT,3.88
25,ANH_N779926_DiemThiTHPT,7.7,6.4,5.7,7.0,7.4,7.6,6.966666666666668,0.8,0.6,0.0,8.526666666666666,0.0,QuanDoiCongAn,MienBac,LuatNgoaiGiao,DiemThiTHPT,3.02
26,ANH_N605528_DiemThiTHPT,6.6,7.2,7.8,6.9,7.0,6.8,7.05,0.6,0.8,0.0,7.31,0.0,QuanDoiCongAn,MienBac,CongNgheThongTin,DiemThiTHPT,2.2
26,ANH_N827538_DiemThiTHPT,6.6,7.2,7.8,6.9,7.0,6.8,7.05,1.0,0.8,0.0,8.063333333333334,0.0,QuanDoiCongAn,MienBac,LuatNgoaiGiao,DiemThiTHPT,3.86
26,ANH_N768284_DiemThiTHPT,6.6,7.2,7.8,6.9,7.0,6.8,7.05,0.6,0.8,0.0,7.833333333333333,0.0,QuanDoiCongAn,MienBac,CongNgheThongTin,DiemThiTHPT,2.92
26,ANH_N684209_DiemThiTHPT,6.6,7.2,7.8,6.9,7.0,6.8,7.05,0.6,0.8,0.0,8.16,0.0,QuanDoiCongAn,MienBac,CongNgheThongTin,DiemThiTHPT,2.88
26,ANH_N174137_DiemThiTHPT,6.6,7.2,7.8,6.9,7.0,6.8,7.05,0.6,0.8,0.0,6.876666666666666,0.0,QuanDoiCongAn,MienBac,CongNgheThongTin,DiemThiTHPT,4.37
26,ANH_N628706_DiemThiTHPT,6.6,7.2,7.8,6.9,7.0,6.8,7.05,0.6,0.8,0.0,8.23,0.0,QuanDoiCongAn,MienBac,CongNgheThongTin,DiemThiTHPT,4.02
26,ANH_N396286_DiemThiTHPT,6.6,7.2,7.8,6.9,7.0,6.8,7.05,0.6,0.8,0.0,8.049999999999999,0.0,QuanDoiCongAn,MienBac,CongNgheThongTin,DiemThiTHPT,2.84
26,ANH_N700928_DiemThiTHPT,6.6,7.2,7.8,6.9,7.0,6.8,7.05,0.6,0.8,0.0,6.23,0.0,QuanDoiCongAn,MienBac,CongNgheThongTin,DiemThiTHPT,2.87
26,ANH_N583852_DiemThiTHPT,6.6,7.2,7.8,6.9,7.0,6.8,7.05,0.6,0.8,0.0,7.326666666666667,0.0,QuanDoiCongAn,MienBac,CongNgheThongTin,DiemThiTHPT,3.14
26,ANH_N924441_DiemThiTHPT,6.6,7.2,7.8,6.9,7.0,6.8,7.05,1.0,0.8,0.0,8.473333333333334,0.0,QuanDoiCongAn,MienBac,LuatNgoaiGiao,DiemThiTHPT,3.13
26,ANH_N395477_DiemThiTHPT,6.6,7.2,7.8,6.9,7.0,6.8,7.05,1.0,0.8,0.0,7.683333333333334,0.0,QuanDoiCongAn,MienBac,LuatNgoaiGiao,DiemThiTHPT,2.83
26,ANH_N628255_DiemThiTHPT,6.6,7.2,7.8,6.9,7.0,6.8,7.05,1.0,0.8,0.0,8.209999999999999,0.0,QuanDoiCongAn,MienBac,LuatNgoaiGiao,DiemThiTHPT,2.36
26,ANH_N759133_DiemThiTHPT,6.6,7.2,7.8,6.9,7.0,6.8,7.05,1.0,0.8,0.0,7.676666666666667,0.0,QuanDoiCongAn,MienBac,LuatNgoaiGiao,DiemThiTHPT,3.18
26,ANH_N596695_DiemThiTHPT,6.6,7.2,7.8,6.9,7.0,6.8,7.05,1.0,0.8,0.0,6.260000000000001,0.0,QuanDoiCongAn,MienBac,LuatNgoaiGiao,DiemThiTHPT,4.63
26,ANH_N779926_DiemThiTHPT,6.6,7.2,7.8,6.9,7.0,6.8,7.05,1.0,0.8,0.0,8.526666666666666,0.0,QuanDoiCongAn,MienBac,LuatNgoaiGiao,DiemThiTHPT,3.9
27,ANH_N605528_DiemThiTHPT,9.1,6.5,7.8,8.3,7.2,6.3,7.533333333333332,0.8,1.0,1.0,7.31,0.0,QuanDoiCongAn,MienBac,CongNgheThongTin,DiemThiTHPT,4.53
27,ANH_N827538_DiemThiTHPT,9.1,6.5,7.8,8.3,7.2,6.3,7.533333333333332,0.6,1.0,1.0,8.063333333333334,0.0,QuanDoiCongAn,MienBac,LuatNgoaiGiao,DiemThiTHPT,3.72
27,ANH_N768284_DiemThiTHPT,9.1,6.5,7.8,8.3,7.2,6.3,7.533333333333332,0.8,1.0,1.0,7.833333333333333,0.0,QuanDoiCongAn,MienBac,CongNgheThongTin,DiemThiTHPT,2.84
27,ANH_N684209_DiemThiTHPT,9.1,6.5,7.8,8.3,7.2,6.3,7.533333333333332,0.8,1.0,1.0,8.16,0.0,QuanDoiCongAn,MienBac,CongNgheThongTin,DiemThiTHPT,3.53
27,ANH_N174137_DiemThiTHPT,9.1,6.5,7.8,8.3,7.2,6.3,7.533333333333332,0.8,1.0,1.0,6.876666666666666,0.0,QuanDoiCongAn,MienBac,CongNgheThongTin,DiemThiTHPT,2.0
27,ANH_N628706_DiemThiTHPT,9.1,6.5,7.8,8.3,7.2,6.3,7.533333333333332,0.8,1.0,1.0,8.23,0.0,QuanDoiCongAn,MienBac,CongNgheThongTin,DiemThiTHPT,2.8
27,ANH_N396286_DiemThiTHPT,9.1,6.5,7.8,8.3,7.2,6.3,7.533333333333332,0.8,1.0,1.0,8.049999999999999,0.0,QuanDoiCongAn,MienBac,CongNgheThongTin,DiemThiTHPT,3.2
27,ANH_N700928_DiemThiTHPT,9.1,6.5,7.8,8.3,7.2,6.3,7.533333333333332,0.8,1.0,1.0,6.23,0.0,QuanDoiCongAn,MienBac,CongNgheThongTin,DiemThiTHPT,3.62
27,ANH_N583852_DiemThiTHPT,9.1,6.5,7.8,8.3,7.2,6.3,7.533333333333332,0.8,1.0,1.0,7.326666666666667,0.0,QuanDoiCongAn,MienBac,CongNgheThongTin,DiemThiTHPT,3.83
27,ANH_N924441_DiemThiTHPT,9.1,6.5,7.8,8.3,7.2,6.3,7.533333333333332,0.6,1.0,1.0,8.473333333333334,0.0,QuanDoiCongAn,MienBac,LuatNgoaiGiao,DiemThiTHPT,3.3
27,ANH_N395477_DiemThiTHPT,9.1,6.5,7.8,8.3,7.2,6.3,7.533333333333332,0.6,1.0,1.0,7.683333333333334,0.0,QuanDoiCongAn,MienBac,LuatNgoaiGiao,DiemThiTHPT,3.24
27,ANH_N628255_DiemThiTHPT,9.1,6.5,7.8,8.3,7.2,6.3,7.533333333333332,0.6,1.0,1.0,8.209999999999999,0.0,QuanDoiCongAn,MienBac,LuatNgoaiGiao,DiemThiTHPT,2.6
27,ANH_N759133_DiemThiTHPT,9.1,6.5,7.8,8.3,7.2,6.3,7.533333333333332,0.6,1.0,1.0,7.676666666666667,0.0,QuanDoiCongAn,MienBac,LuatNgoaiGiao,DiemThiTHPT,3.32
27,ANH_N596695_DiemThiTHPT,9.1,6.5,7.8,8.3,7.2,6.3,7.533333333333332,0.6,1.0,1.0,6.260000000000001,0.0,QuanDoiCongAn,MienBac,LuatNgoaiGiao,DiemThiTHPT,4.52
27,ANH_N779926_DiemThiTHPT,9.1,6.5,7.8,8.3,7.2,6.3,7.533333333333332,0.6,1.0,1.0,8.526666666666666,0.0,QuanDoiCongAn,MienBac,LuatNgoaiGiao,DiemThiTHPT,4.23
28,ANH_N605528_DiemThiTHPT,6.4,5.0,6.6,8.8,7.2,8.3,7.05,1.0,1.0,0.0,7.31,0.0,QuanDoiCongAn,MienBac,CongNgheThongTin,DiemThiTHPT,2.48
28,ANH_N827538_DiemThiTHPT,6.4,5.0,6.6,8.8,7.2,8.3,7.05,0.6,1.0,0.0,8.063333333333334,0.0,QuanDoiCongAn,MienBac,LuatNgoaiGiao,DiemThiTHPT,2.24
28,ANH_N768284_DiemThiTHPT,6.4,5.0,6.6,8.8,7.2,8.3,7.05,1.0,1.0,0.0,7.833333333333333,0.0,QuanDoiCongAn,MienBac,CongNgheThongTin,DiemThiTHPT,3.44
28,ANH_N684209_DiemThiTHPT,6.4,5.0,6.6,8.8,7.2,8.3,7.05,1.0,1.0,0.0,8.16,0.0,QuanDoiCongAn,MienBac,CongNgheThongTin,DiemThiTHPT,3.77
28,ANH_N174137_DiemThiTHPT,6.4,5.0,6.6,8.8,7.2,8.3,7.05,1.0,1.0,0.0,6.876666666666666,0.0,QuanDoiCongAn,MienBac,CongNgheThongTin,DiemThiTHPT,2.94
28,ANH_N628706_DiemThiTHPT,6.4,5.0,6.6,8.8,7.2,8.3,7.05,1.0,1.0,0.0,8.23,0.0,QuanDoiCongAn,MienBac,CongNgheThongTin,DiemThiTHPT,4.29
28,ANH_N396286_DiemThiTHPT,6.4,5.0,6.6,8.8,7.2,8.3,7.05,1.0,1.0,0.0,8.049999999999999,0.0,QuanDoiCongAn,MienBac,CongNgheThongTin,DiemThiTHPT,4.1
28,ANH_N700928_DiemThiTHPT,6.4,5.0,6.6,8.8,7.2,8.3,7.05,1.0,1.0,0.0,6.23,0.0,QuanDoiCongAn,MienBac,CongNgheThongTin,DiemThiTHPT,3.88
28,ANH_N583852_DiemThiTHPT,6.4,5.0,6.6,8.8,7.2,8.3,7.05,1.0,1.0,0.0,7.326666666666667,0.0,QuanDoiCongAn,MienBac,CongNgheThongTin,DiemThiTHPT,2.63
28,ANH_N924441_DiemThiTHPT,6.4,5.0,6.6,8.8,7.2,8.3,7.05,0.6,1.0,0.0,8.473333333333334,0.0,QuanDoiCongAn,MienBac,LuatNgoaiGiao,DiemThiTHPT,2.56
28,ANH_N395477_DiemThiTHPT,6.4,5.0,6.6,8.8,7.2,8.3,7.05,0.6,1.0,0.0,7.683333333333334,0.0,QuanDoiCongAn,MienBac,LuatNgoaiGiao,DiemThiTHPT,2.07
28,ANH_N628255_DiemThiTHPT,6.4,5.0,6.6,8.8,7.2,8.3,7.05,0.6,1.0,0.0,8.209999999999999,0.0,QuanDoiCongAn,MienBac,LuatNgoaiGiao,DiemThiTHPT,2.69
28,ANH_N759133_DiemThiTHPT,6.4,5.0,6.6,8.8,7.2,8.3,7.05,0.6,1.0,0.0,7.676666666666667,0.0,QuanDoiCongAn,MienBac,LuatNgoaiGiao,DiemThiTHPT,3.33
28,ANH_N596695_DiemThiTHPT,6.4,5.0,6.6,8.8,7.2,8.3,7.05,0.6,1.0,0.0,6.260000000000001,0.0,QuanDoiCongAn,MienBac,LuatNgoaiGiao,DiemThiTHPT,4.38
28,ANH_N779926_DiemThiTHPT,6.4,5.0,6.6,8.8,7.2,8.3,7.05,0.6,1.0,0.0,8.526666666666666,0.0,QuanDoiCongAn,MienBac,LuatNgoaiGiao,DiemThiTHPT,2.2
29,ANH_N605528_DiemThiTHPT,10.0,5.7,7.2,5.5,6.1,8.0,7.083333333333333,0.6,1.0,0.0,7.31,0.0,QuanDoiCongAn,MienBac,CongNgheThongTin,DiemThiTHPT,3.16
29,ANH_N827538_DiemThiTHPT,10.0,5.7,7.2,5.5,6.1,8.0,7.083333333333333,0.6,1.0,0.0,8.063333333333334,0.0,QuanDoiCongAn,MienBac,LuatNgoaiGiao,DiemThiTHPT,3.76
29,ANH_N768284_DiemThiTHPT,10.0,5.7,7.2,5.5,6.1,8.0,7.083333333333333,0.6,1.0,0.0,7.833333333333333,0.0,QuanDoiCongAn,MienBac,CongNgheThongTin,DiemThiTHPT,2.54
29,ANH_N684209_DiemThiTHPT,10.0,5.7,7.2,5.5,6.1,8.0,7.083333333333333,0.6,1.0,0.0,8.16,0.0,QuanDoiCongAn,MienBac,CongNgheThongTin,DiemThiTHPT,3.95
29,ANH_N174137_DiemThiTHPT,10.0,5.7,7.2,5.5,6.1,8.0,7.083333333333333,0.6,1.0,0.0,6.876666666666666,0.0,QuanDoiCongAn,MienBac,CongNgheThongTin,DiemThiTHPT,3.38
29,ANH_N628706_DiemThiTHPT,10.0,5.7,7.2,5.5,6.1,8.0,7.083333333333333,0.6,1.0,0.0,8.23,0.0,QuanDoiCongAn,MienBac,CongNgheThongTin,DiemThiTHPT,2.68
29,ANH_N396286_DiemThiTHPT,10.0,5.7,7.2,5.5,6.1,8.0,7.083333333333333,0.6,1.0,0.0,8.049999999999999,0.0,QuanDoiCongAn,MienBac,CongNgheThongTin,DiemThiTHPT,3.84
29,ANH_N700928_DiemThiTHPT,10.0,5.7,7.2,5.5,6.1,8.0,7.083333333333333,0.6,1.0,0.0,6.23,0.0,QuanDoiCongAn,MienBac,CongNgheThongTin,DiemThiTHPT,2.02
29,ANH_N583852_DiemThiTHPT,10.0,5.7,7.2,5.5,6.1,8.0,7.083333333333333,0.6,1.0,0.0,7.326666666666667,0.0,QuanDoiCongAn,MienBac,CongNgheThongTin,DiemThiTHPT,4.1
29,ANH_N924441_DiemThiTHPT,10.0,5.7,7.2,5.5,6.1,8.0,7.083333333333333,0.6,1.0,0.0,8.473333333333334,0.0,QuanDoiCongAn,MienBac,LuatNgoaiGiao,DiemThiTHPT,4.16
29,ANH_N395477_DiemThiTHPT,10.0,5.7,7.2,5.5,6.1,8.0,7.083333333333333,0.6,1.0,0.0,7.683333333333334,0.0,QuanDoiCongAn,MienBac,LuatNgoaiGiao,DiemThiTHPT,2.3
29,ANH_N628255_DiemThiTHPT,10.0,5.7,7.2,5.5,6.1,8.0,7.083333333333333,0.6,1.0,0.0,8.209999999999999,0.0,QuanDoiCongAn,MienBac,LuatNgoaiGiao,DiemThiTHPT,3.19
29,ANH_N759133_DiemThiTHPT,10.0,5.7,7.2,5.5,6.1,8.0,7.083333333333333,0.6,1.0,0.0,7.676666666666667,0.0,QuanDoiCongAn,MienBac,LuatNgoaiGiao,DiemThiTHPT,2.49
29,ANH_N596695_DiemThiTHPT,10.0,5.7,7.2,5.5,6.1,8.0,7.083333333333333,0.6,1.0,0.0,6.260000000000001,0.0,QuanDoiCongAn,MienBac,LuatNgoaiGiao,DiemThiTHPT,4.68
29,ANH_N779926_DiemThiTHPT,10.0,5.7,7.2,5.5,6.1,8.0,7.083333333333333,0.6,1.0,0.0,8.526666666666666,0.0,QuanDoiCongAn,MienBac,LuatNgoaiGiao,DiemThiTHPT,3.45
30,ANH_N605528_DiemThiTHPT,6.5,6.3,6.8,9.0,8.4,8.7,7.616666666666667,0.6,0.4,1.0,7.31,0.0,QuanDoiCongAn,MienBac,CongNgheThongTin,DiemThiTHPT,2.14
30,ANH_N827538_DiemThiTHPT,6.5,6.3,6.8,9.0,8.4,8.7,7.616666666666667,0.6,0.4,1.0,8.063333333333334,0.0,QuanDoiCongAn,MienBac,LuatNgoaiGiao,DiemThiTHPT,2.7
30,ANH_N768284_DiemThiTHPT,6.5,6.3,6.8,9.0,8.4,8.7,7.616666666666667,0.6,0.4,1.0,7.833333333333333,0.0,QuanDoiCongAn,MienBac,CongNgheThongTin,DiemThiTHPT,4.38
30,ANH_N684209_DiemThiTHPT,6.5,6.3,6.8,9.0,8.4,8.7,7.616666666666667,0.6,0.4,1.0,8.16,0.0,QuanDoiCongAn,MienBac,CongNgheThongTin,DiemThiTHPT,3.28
30,ANH_N174137_DiemThiTHPT,6.5,6.3,6.8,9.0,8.4,8.7,7.616666666666667,0.6,0.4,1.0,6.876666666666666,0.0,QuanDoiCongAn,MienBac,CongNgheThongTin,DiemThiTHPT,4.24
30,ANH_N628706_DiemThiTHPT,6.5,6.3,6.8,9.0,8.4,8.7,7.616666666666667,0.6,0.4,1.0,8.23,0.0,QuanDoiCongAn,MienBac,CongNgheThongTin,DiemThiTHPT,3.87
30,ANH_N396286_DiemThiTHPT,6.5,6.3,6.8,9.0,8.4,8.7,7.616666666666667,0.6,0.4,1.0,8.049999999999999,0.0,QuanDoiCongAn,MienBac,CongNgheThongTin,DiemThiTHPT,4.77
30,ANH_N700928_DiemThiTHPT,6.5,6.3,6.8,9.0,8.4,8.7,7.616666666666667,0.6,0.4,1.0,6.23,0.0,QuanDoiCongAn,MienBac,CongNgheThongTin,DiemThiTHPT,3.67
30,ANH_N583852_DiemThiTHPT,6.5,6.3,6.8,9.0,8.4,8.7,7.616666666666667,0.6,0.4,1.0,7.326666666666667,0.0,QuanDoiCongAn,MienBac,CongNgheThongTin,DiemThiTHPT,4.66
30,ANH_N924441_DiemThiTHPT,6.5,6.3,6.8,9.0,8.4,8.7,7.616666666666667,0.6,0.4,1.0,8.473333333333334,0.0,QuanDoiCongAn,MienBac,LuatNgoaiGiao,DiemThiTHPT,4.5
30,ANH_N395477_DiemThiTHPT,6.5,6.3,6.8,9.0,8.4,8.7,7.616666666666667,0.6,0.4,1.0,7.683333333333334,0.0,QuanDoiCongAn,MienBac,LuatNgoaiGiao,DiemThiTHPT,3.72
30,ANH_N628255_DiemThiTHPT,6.5,6.3,6.8,9.0,8.4,8.7,7.616666666666667,0.6,0.4,1.0,8.209999999999999,0.0,QuanDoiCongAn,MienBac,LuatNgoaiGiao,DiemThiTHPT,4.01
30,ANH_N759133_DiemThiTHPT,6.5,6.3,6.8,9.0,8.4,8.7,7.616666666666667,0.6,0.4,1.0,7.676666666666667,0.0,QuanDoiCongAn,MienBac,LuatNgoaiGiao,DiemThiTHPT,3.41
30,ANH_N596695_DiemThiTHPT,6.5,6.3,6.8,9.0,8.4,8.7,7.616666666666667,0.6,0.4,1.0,6.260000000000001,0.0,QuanDoiCongAn,MienBac,LuatNgoaiGiao,DiemThiTHPT,4.33
30,ANH_N779926_DiemThiTHPT,6.5,6.3,6.8,9.0,8.4,8.7,7.616666666666667,0.6,0.4,1.0,8.526666666666666,0.0,QuanDoiCongAn,MienBac,LuatNgoaiGiao,DiemThiTHPT,3.53
31,ANH_N605528_DiemThiTHPT,4.8,7.4,8.0,8.5,8.8,6.3,7.3,0.6,0.6,0.0,7.31,0.0,QuanDoiCongAn,MienBac,CongNgheThongTin,DiemThiTHPT,4.51
31,ANH_N827538_DiemThiTHPT,4.8,7.4,8.0,8.5,8.8,6.3,7.3,0.6,0.6,0.0,8.063333333333334,0.0,QuanDoiCongAn,MienBac,LuatNgoaiGiao,DiemThiTHPT,4.08
31,ANH_N768284_DiemThiTHPT,4.8,7.4,8.0,8.5,8.8,6.3,7.3,0.6,0.6,0.0,7.833333333333333,0.0,QuanDoiCongAn,MienBac,CongNgheThongTin,DiemThiTHPT,3.33
31,ANH_N684209_DiemThiTHPT,4.8,7.4,8.0,8.5,8.8,6.3,7.3,0.6,0.6,0.0,8.16,0.0,QuanDoiCongAn,MienBac,CongNgheThongTin,DiemThiTHPT,2.73
31,ANH_N174137_DiemThiTHPT,4.8,7.4,8.0,8.5,8.8,6.3,7.3,0.6,0.6,0.0,6.876666666666666,0.0,QuanDoiCongAn,MienBac,CongNgheThongTin,DiemThiTHPT,2.69
31,ANH_N628706_DiemThiTHPT,4.8,7.4,8.0,8.5,8.8,6.3,7.3,0.6,0.6,0.0,8.23,0.0,QuanDoiCongAn,MienBac,CongNgheThongTin,DiemThiTHPT,3.79
31,ANH_N396286_DiemThiTHPT,4.8,7.4,8.0,8.5,8.8,6.3,7.3,0.6,0.6,0.0,8.049999999999999,0.0,QuanDoiCongAn,MienBac,CongNgheThongTin,DiemThiTHPT,4.14
31,ANH_N700928_DiemThiTHPT,4.8,7.4,8.0,8.5,8.8,6.3,7.3,0.6,0.6,0.0,6.23,0.0,QuanDoiCongAn,MienBac,CongNgheThongTin,DiemThiTHPT,3.46
31,ANH_N583852_DiemThiTHPT,4.8,7.4,8.0,8.5,8.8,6.3,7.3,0.6,0.6,0.0,7.326666666666667,0.0,QuanDoiCongAn,MienBac,CongNgheThongTin,DiemThiTHPT,3.75
31,ANH_N924441_DiemThiTHPT,4.8,7.4,8.0,8.5,8.8,6.3,7.3,0.6,0.6,0.0,8.473333333333334,0.0,QuanDoiCongAn,MienBac,LuatNgoaiGiao,DiemThiTHPT,2.77
31,ANH_N395477_DiemThiTHPT,4.8,7.4,8.0,8.5,8.8,6.3,7.3,0.6,0.6,0.0,7.683333333333334,0.0,QuanDoiCongAn,MienBac,LuatNgoaiGiao,DiemThiTHPT,2.22
31,ANH_N628255_DiemThiTHPT,4.8,7.4,8.0,8.5,8.8,6.3,7.3,0.6,0.6,0.0,8.209999999999999,0.0,QuanDoiCongAn,MienBac,LuatNgoaiGiao,DiemThiTHPT,2.8
31,ANH_N759133_DiemThiTHPT,4.8,7.4,8.0,8.5,8.8,6.3,7.3,0.6,0.6,0.0,7.676666666666667,0.0,QuanDoiCongAn,MienBac,LuatNgoaiGiao,DiemThiTHPT,2.76
31,ANH_N596695_DiemThiTHPT,4.8,7.4,8.0,8.5,8.8,6.3,7.3,0.6,0.6,0.0,6.260000000000001,0.0,QuanDoiCongAn,MienBac,LuatNgoaiGiao,DiemThiTHPT,2.9
31,ANH_N779926_DiemThiTHPT,4.8,7.4,8.0,8.5,8.8,6.3,7.3,0.6,0.6,0.0,8.526666666666666,0.0,QuanDoiCongAn,MienBac,LuatNgoaiGiao,DiemThiTHPT,3.51
32,ANH_N605528_DiemThiTHPT,5.6,6.5,7.9,8.3,7.0,7.3,7.099999999999999,0.6,0.8,0.0,7.31,0.0,QuanDoiCongAn,MienBac,CongNgheThongTin,DiemThiTHPT,2.39
32,ANH_N827538_DiemThiTHPT,5.6,6.5,7.9,8.3,7.0,7.3,7.099999999999999,0.8,0.8,0.0,8.063333333333334,0.0,QuanDoiCongAn,MienBac,LuatNgoaiGiao,DiemThiTHPT,2.65
32,ANH_N768284_DiemThiTHPT,5.6,6.5,7.9,8.3,7.0,7.3,7.099999999999999,0.6,0.8,0.0,7.833333333333333,0.0,QuanDoiCongAn,MienBac,CongNgheThongTin,DiemThiTHPT,3.94
32,ANH_N684209_DiemThiTHPT,5.6,6.5,7.9,8.3,7.0,7.3,7.099999999999999,0.6,0.8,0.0,8.16,0.0,QuanDoiCongAn,MienBac,CongNgheThongTin,DiemThiTHPT,3.98
32,ANH_N174137_DiemThiTHPT,5.6,6.5,7.9,8.3,7.0,7.3,7.099999999999999,0.6,0.8,0.0,6.876666666666666,0.0,QuanDoiCongAn,MienBac,CongNgheThongTin,DiemThiTHPT,2.18
32,ANH_N628706_DiemThiTHPT,5.6,6.5,7.9,8.3,7.0,7.3,7.099999999999999,0.6,0.8,0.0,8.23,0.0,QuanDoiCongAn,MienBac,CongNgheThongTin,DiemThiTHPT,3.14
32,ANH_N396286_DiemThiTHPT,5.6,6.5,7.9,8.3,7.0,7.3,7.099999999999999,0.6,0.8,0.0,8.049999999999999,0.0,QuanDoiCongAn,MienBac,CongNgheThongTin,DiemThiTHPT,3.52
32,ANH_N700928_DiemThiTHPT,5.6,6.5,7.9,8.3,7.0,7.3,7.099999999999999,0.6,0.8,0.0,6.23,0.0,QuanDoiCongAn,MienBac,CongNgheThongTin,DiemThiTHPT,3.16
32,ANH_N583852_DiemThiTHPT,5.6,6.5,7.9,8.3,7.0,7.3,7.099999999999999,0.6,0.8,0.0,7.326666666666667,0.0,QuanDoiCongAn,MienBac,CongNgheThongTin,DiemThiTHPT,2.58
32,ANH_N924441_DiemThiTHPT,5.6,6.5,7.9,8.3,7.0,7.3,7.099999999999999,0.8,0.8,0.0,8.473333333333334,0.0,QuanDoiCongAn,MienBac,LuatNgoaiGiao,DiemThiTHPT,3.18
32,ANH_N395477_DiemThiTHPT,5.6,6.5,7.9,8.3,7.0,7.3,7.099999999999999,0.8,0.8,0.0,7.683333333333334,0.0,QuanDoiCongAn,MienBac,LuatNgoaiGiao,DiemThiTHPT,4.53
32,ANH_N628255_DiemThiTHPT,5.6,6.5,7.9,8.3,7.0,7.3,7.099999999999999,0.8,0.8,0.0,8.209999999999999,0.0,QuanDoiCongAn,MienBac,LuatNgoaiGiao,DiemThiTHPT,3.64
32,ANH_N759133_DiemThiTHPT,5.6,6.5,7.9,8.3,7.0,7.3,7.099999999999999,0.8,0.8,0.0,7.676666666666667,0.0,QuanDoiCongAn,MienBac,LuatNgoaiGiao,DiemThiTHPT,3.95
32,ANH_N596695_DiemThiTHPT,5.6,6.5,7.9,8.3,7.0,7.3,7.099999999999999,0.8,0.8,0.0,6.260000000000001,0.0,QuanDoiCongAn,MienBac,LuatNgoaiGiao,DiemThiTHPT,4.4
32,ANH_N779926_DiemThiTHPT,5.6,6.5,7.9,8.3,7.0,7.3,7.099999999999999,0.8,0.8,0.0,8.526666666666666,0.0,QuanDoiCongAn,MienBac,LuatNgoaiGiao,DiemThiTHPT,4.14
33,ANH_N605528_DiemThiTHPT,5.1,7.6,8.0,7.2,7.2,6.4,6.916666666666667,0.6,1.0,1.0,7.31,0.0,QuanDoiCongAn,MienBac,CongNgheThongTin,DiemThiTHPT,3.07
33,ANH_N827538_DiemThiTHPT,5.1,7.6,8.0,7.2,7.2,6.4,6.916666666666667,1.0,1.0,1.0,8.063333333333334,0.0,QuanDoiCongAn,MienBac,LuatNgoaiGiao,DiemThiTHPT,2.02
33,ANH_N768284_DiemThiTHPT,5.1,7.6,8.0,7.2,7.2,6.4,6.916666666666667,0.6,1.0,1.0,7.833333333333333,0.0,QuanDoiCongAn,MienBac,CongNgheThongTin,DiemThiTHPT,2.98
33,ANH_N684209_DiemThiTHPT,5.1,7.6,8.0,7.2,7.2,6.4,6.916666666666667,0.6,1.0,1.0,8.16,0.0,QuanDoiCongAn,MienBac,CongNgheThongTin,DiemThiTHPT,4.11
33,ANH_N174137_DiemThiTHPT,5.1,7.6,8.0,7.2,7.2,6.4,6.916666666666667,0.6,1.0,1.0,6.876666666666666,0.0,QuanDoiCongAn,MienBac,CongNgheThongTin,DiemThiTHPT,4.39
33,ANH_N628706_DiemThiTHPT,5.1,7.6,8.0,7.2,7.2,6.4,6.916666666666667,0.6,1.0,1.0,8.23,0.0,QuanDoiCongAn,MienBac,CongNgheThongTin,DiemThiTHPT,4.67
33,ANH_N396286_DiemThiTHPT,5.1,7.6,8.0,7.2,7.2,6.4,6.916666666666667,0.6,1.0,1.0,8.049999999999999,0.0,QuanDoiCongAn,MienBac,CongNgheThongTin,DiemThiTHPT,3.17
33,ANH_N700928_DiemThiTHPT,5.1,7.6,8.0,7.2,7.2,6.4,6.916666666666667,0.6,1.0,1.0,6.23,0.0,QuanDoiCongAn,MienBac,CongNgheThongTin,DiemThiTHPT,4.09
33,ANH_N583852_DiemThiTHPT,5.1,7.6,8.0,7.2,7.2,6.4,6.916666666666667,0.6,1.0,1.0,7.326666666666667,0.0,QuanDoiCongAn,MienBac,CongNgheThongTin,DiemThiTHPT,3.53
33,ANH_N924441_DiemThiTHPT,5.1,7.6,8.0,7.2,7.2,6.4,6.916666666666667,1.0,1.0,1.0,8.473333333333334,0.0,QuanDoiCongAn,MienBac,LuatNgoaiGiao,DiemThiTHPT,3.69
33,ANH_N395477_DiemThiTHPT,5.1,7.6,8.0,7.2,7.2,6.4,6.916666666666667,1.0,1.0,1.0,7.683333333333334,0.0,QuanDoiCongAn,MienBac,LuatNgoaiGiao,DiemThiTHPT,2.62
33,ANH_N628255_DiemThiTHPT,5.1,7.6,8.0,7.2,7.2,6.4,6.916666666666667,1.0,1.0,1.0,8.209999999999999,0.0,QuanDoiCongAn,MienBac,LuatNgoaiGiao,DiemThiTHPT,2.61
33,ANH_N759133_DiemThiTHPT,5.1,7.6,8.0,7.2,7.2,6.4,6.916666666666667,1.0,1.0,1.0,7.676666666666667,0.0,QuanDoiCongAn,MienBac,LuatNgoaiGiao,DiemThiTHPT,3.22
33,ANH_N596695_DiemThiTHPT,5.1,7.6,8.0,7.2,7.2,6.4,6.916666666666667,1.0,1.0,1.0,6.260000000000001,0.0,QuanDoiCongAn,MienBac,LuatNgoaiGiao,DiemThiTHPT,2.08
33,ANH_N779926_DiemThiTHPT,5.1,7.6,8.0,7.2,7.2,6.4,6.916666666666667,1.0,1.0,1.0,8.526666666666666,0.0,QuanDoiCongAn,MienBac,LuatNgoaiGiao,DiemThiTHPT,2.94
34,ANH_N605528_DiemThiTHPT,8.7,7.1,5.7,7.9,5.6,8.4,7.233333333333333,0.8,1.0,0.0,7.31,0.0,QuanDoiCongAn,MienBac,CongNgheThongTin,DiemThiTHPT,3.9
34,ANH_N827538_DiemThiTHPT,8.7,7.1,5.7,7.9,5.6,8.4,7.233333333333333,0.6,1.0,0.0,8.063333333333334,0.0,QuanDoiCongAn,MienBac,LuatNgoaiGiao,DiemThiTHPT,3.13
34,ANH_N768284_DiemThiTHPT,8.7,7.1,5.7,7.9,5.6,8.4,7.233333333333333,0.8,1.0,0.0,7.833333333333333,0.0,QuanDoiCongAn,MienBac,CongNgheThongTin,DiemThiTHPT,2.46
34,ANH_N684209_DiemThiTHPT,8.7,7.1,5.7,7.9,5.6,8.4,7.233333333333333,0.8,1.0,0.0,8.16,0.0,QuanDoiCongAn,MienBac,CongNgheThongTin,DiemThiTHPT,3.31
34,ANH_N174137_DiemThiTHPT,8.7,7.1,5.7,7.9,5.6,8.4,7.233333333333333,0.8,1.0,0.0,6.876666666666666,0.0,QuanDoiCongAn,MienBac,CongNgheThongTin,DiemThiTHPT,2.36
34,ANH_N628706_DiemThiTHPT,8.7,7.1,5.7,7.9,5.6,8.4,7.233333333333333,0.8,1.0,0.0,8.23,0.0,QuanDoiCongAn,MienBac,CongNgheThongTin,DiemThiTHPT,3.74
34,ANH_N396286_DiemThiTHPT,8.7,7.1,5.7,7.9,5.6,8.4,7.233333333333333,0.8,1.0,0.0,8.049999999999999,0.0,QuanDoiCongAn,MienBac,CongNgheThongTin,DiemThiTHPT,2.08
34,ANH_N700928_DiemThiTHPT,8.7,7.1,5.7,7.9,5.6,8.4,7.233333333333333,0.8,1.0,0.0,6.23,0.0,QuanDoiCongAn,MienBac,CongNgheThongTin,DiemThiTHPT,3.1
34,ANH_N583852_DiemThiTHPT,8.7,7.1,5.7,7.9,5.6,8.4,7.233333333333333,0.8,1.0,0.0,7.326666666666667,0.0,QuanDoiCongAn,MienBac,CongNgheThongTin,DiemThiTHPT,3.58
34,ANH_N924441_DiemThiTHPT,8.7,7.1,5.7,7.9,5.6,8.4,7.233333333333333,0.6,1.0,0.0,8.473333333333334,0.0,QuanDoiCongAn,MienBac,LuatNgoaiGiao,DiemThiTHPT,2.08
34,ANH_N395477_DiemThiTHPT,8.7,7.1,5.7,7.9,5.6,8.4,7.233333333333333,0.6,1.0,0.0,7.683333333333334,0.0,QuanDoiCongAn,MienBac,LuatNgoaiGiao,DiemThiTHPT,3.8
34,ANH_N628255_DiemThiTHPT,8.7,7.1,5.7,7.9,5.6,8.4,7.233333333333333,0.6,1.0,0.0,8.209999999999999,0.0,QuanDoiCongAn,MienBac,LuatNgoaiGiao,DiemThiTHPT,2.38
34,ANH_N759133_DiemThiTHPT,8.7,7.1,5.7,7.9,5.6,8.4,7.233333333333333,0.6,1.0,0.0,7.676666666666667,0.0,QuanDoiCongAn,MienBac,LuatNgoaiGiao,DiemThiTHPT,3.29
34,ANH_N596695_DiemThiTHPT,8.7,7.1,5.7,7.9,5.6,8.4,7.233333333333333,0.6,1.0,0.0,6.260000000000001,0.0,QuanDoiCongAn,MienBac,LuatNgoaiGiao,DiemThiTHPT,2.14
34,ANH_N779926_DiemThiTHPT,8.7,7.1,5.7,7.9,5.6,8.4,7.233333333333333,0.6,1.0,0.0,8.526666666666666,0.0,QuanDoiCongAn,MienBac,LuatNgoaiGiao,DiemThiTHPT,3.06
35,ANH_N605528_DiemThiTHPT,5.9,8.1,7.7,5.1,7.9,6.2,6.816666666666666,1.0,1.0,0.0,7.31,0.0,QuanDoiCongAn,MienBac,CongNgheThongTin,DiemThiTHPT,2.59
35,ANH_N827538_DiemThiTHPT,5.9,8.1,7.7,5.1,7.9,6.2,6.816666666666666,0.6,1.0,0.0,8.063333333333334,0.0,QuanDoiCongAn,MienBac,LuatNgoaiGiao,DiemThiTHPT,2.92
35,ANH_N768284_DiemThiTHPT,5.9,8.1,7.7,5.1,7.9,6.2,6.816666666666666,1.0,1.0,0.0,7.833333333333333,0.0,QuanDoiCongAn,MienBac,CongNgheThongTin,DiemThiTHPT,4.13
35,ANH_N684209_DiemThiTHPT,5.9,8.1,7.7,5.1,7.9,6.2,6.816666666666666,1.0,1.0,0.0,8.16,0.0,QuanDoiCongAn,MienBac,CongNgheThongTin,DiemThiTHPT,3.06
35,ANH_N174137_DiemThiTHPT,5.9,8.1,7.7,5.1,7.9,6.2,6.816666666666666,1.0,1.0,0.0,6.876666666666666,0.0,QuanDoiCongAn,MienBac,CongNgheThongTin,DiemThiTHPT,4.11
35,ANH_N628706_DiemThiTHPT,5.9,8.1,7.7,5.1,7.9,6.2,6.816666666666666,1.0,1.0,0.0,8.23,0.0,QuanDoiCongAn,MienBac,CongNgheThongTin,DiemThiTHPT,4.33
35,ANH_N396286_DiemThiTHPT,5.9,8.1,7.7,5.1,7.9,6.2,6.816666666666666,1.0,1.0,0.0,8.049999999999999,0.0,QuanDoiCongAn,MienBac,CongNgheThongTin,DiemThiTHPT,2.71
35,ANH_N700928_DiemThiTHPT,5.9,8.1,7.7,5.1,7.9,6.2,6.816666666666666,1.0,1.0,0.0,6.23,0.0,QuanDoiCongAn,MienBac,CongNgheThongTin,DiemThiTHPT,2.23
35,ANH_N583852_DiemThiTHPT,5.9,8.1,7.7,5.1,7.9,6.2,6.816666666666666,1.0,1.0,0.0,7.326666666666667,0.0,QuanDoiCongAn,MienBac,CongNgheThongTin,DiemThiTHPT,2.05
35,ANH_N924441_DiemThiTHPT,5.9,8.1,7.7,5.1,7.9,6.2,6.816666666666666,0.6,1.0,0.0,8.473333333333334,0.0,QuanDoiCongAn,MienBac,LuatNgoaiGiao,DiemThiTHPT,3.51
35,ANH_N395477_DiemThiTHPT,5.9,8.1,7.7,5.1,7.9,6.2,6.816666666666666,0.6,1.0,0.0,7.683333333333334,0.0,QuanDoiCongAn,MienBac,LuatNgoaiGiao,DiemThiTHPT,4.8
35,ANH_N628255_DiemThiTHPT,5.9,8.1,7.7,5.1,7.9,6.2,6.816666666666666,0.6,1.0,0.0,8.209999999999999,0.0,QuanDoiCongAn,MienBac,LuatNgoaiGiao,DiemThiTHPT,2.98
35,ANH_N759133_DiemThiTHPT,5.9,8.1,7.7,5.1,7.9,6.2,6.816666666666666,0.6,1.0,0.0,7.676666666666667,0.0,QuanDoiCongAn,MienBac,LuatNgoaiGiao,DiemThiTHPT,3.82
35,ANH_N596695_DiemThiTHPT,5.9,8.1,7.7,5.1,7.9,6.2,6.816666666666666,0.6,1.0,0.0,6.260000000000001,0.0,QuanDoiCongAn,MienBac,LuatNgoaiGiao,DiemThiTHPT,4.19
35,ANH_N779926_DiemThiTHPT,5.9,8.1,7.7,5.1,7.9,6.2,6.816666666666666,0.6,1.0,0.0,8.526666666666666,0.0,QuanDoiCongAn,MienBac,LuatNgoaiGiao,DiemThiTHPT,3.82
